city,postalCode,id,adType,propertyType,reference,description,title,publicationDate,modificationDate,newProperty,accountType,isBienIciExclusive,photoWatermarkAlias,accountDisplayName,price,surfaceArea,roomsQuantity,floor,hasCellar,hasTerrace,hasAlarm,hasPool,hasFirePlace,isExclusiveSaleMandate,photos,isRecent,energyValue,energyClassification,greenhouseGazValue,greenhouseGazClassification,condominiumPartsQuantity,annualCondominiumFees,feesChargedTo,agencyFeeUrl,useJuly2021EnergyPerformanceDiagnostic,minEnergyConsumption,maxEnergyConsumption,exposition,isInCondominium,bedroomsQuantity,adCreatedByPro,heating,isCondominiumInProcedure,departmentCode,addressKnown,displayDistrictName,pricePerSquareMeter,postalCodeForSearchFilters,descriptionTextLength,priceHasDecreased,transactionType,adTypeFR,with3dModel,endOfPromotedAsExclusive,opticalFiberStatus,nothingBehindForm,highlightMailContact,customerId,displayInsuranceEstimation,needVirtualTour,phoneDisplays,thresholdDate,blurInfo.type,blurInfo.radius,blurInfo.bbox,blurInfo.position.lat,blurInfo.position.lon,blurInfo.centroid.lat,blurInfo.centroid.lon,chargingStations.providers,district.id_polygone,district.id_type,district.name,district.libelle,district.cp,district.code_insee,district.id,district.insee_code,district.postal_code,district.type_id,status.onTheMarket,status.closedByUser,status.autoImported,status.isLeading,status.highlighted,status.is3dHighlighted,userRelativeData.importAccountId,userRelativeData.accountIds,userRelativeData.searchAccountIds,userRelativeData.isAdmin,userRelativeData.isAdModifier,userRelativeData.canSetAsFeatured,userRelativeData.canSeeExactPosition,userRelativeData.canSeeAddress,userRelativeData.canSeeStats,userRelativeData.canOpenAdDetail,userRelativeData.canSeeRealDates,userRelativeData.canSeePublicationCertificateHtml,userRelativeData.canSeePublicationCertificatePdf
Orléans,45000,citya-1-287-TAPP938770,buy,flat,TAPP938770,"À VENDRE : Appartement T2 à Orléans, 45000<br>Découvrez cet appartement T2 , offrant un cadre de vie agréable et pratique. Avec une superficie de 39 m², cet espace est parfaitement agencé pour répondre aux besoins d'un couple ou d'une personne seule. <br>L'appartement se compose d'un séjour lumineux, d'une kitchenette fonctionnelle, d'une chambre confortable et d'une salle d'eau moderne. Le chauffage collectif, avec des radiateurs, assure une température agréable tout au long de l'année. Situé au quatrième étage d'un immeuble avec ascenseur, cet appartement bénéficie d'une belle vue et d'un accès facilité.<br>À l'extérieur, vous pourrez profiter de la terrasse  parfait pour des moments de détente en plein air. De plus, cet appartement dispose de deux places de parking, un atout considérable dans une ville dynamique comme Orléans.<br>La localisation de cet appartement est un véritable plus. À proximité, vous trouverez plusieurs supermarchés, boulangeries et pharmacies, tous accessibles en moins de 1000 mètres. Pour les familles, plusieurs écoles sont situées à moins de 500 mètres, garantissant un accès facile à l'éducation pour vos enfants. Les étudiants apprécieront également la proximité de deux universités, situées à moins de 2500 mètres.<br>Enfin, pour les amateurs de mobilité électrique, des stations de recharge sont disponibles à proximité, facilitant l'utilisation de véhicules électriques. Cet appartement est une opportunité à ne pas manquer pour ceux qui recherchent un cadre de vie pratique et agréable à Orléans. N'hésitez pas à nous contacter pour plus d'informations ou pour organiser une visite.",Appartement,1970-01-01T00:00:00.000Z,2025-11-24T11:11:41.487Z,False,agency,True,7e8fcbc0-12d4-4c33-a4ad-6068fc9c3646,Citya République,127000,39.86,2,4,False,False,False,False,False,True,"[{'url_photo': 'https://dqcwxbr1h80rn.cloudfront.net/208/128729/d93a370b-a57f-5a75-9d0a-f9ba37f2b6cd.jpg', 'photo': 'citya-1-287-TAPP938770_dqcwxbr1h80rn.cloudfront.net_208_128729_d93a370b-a57f-5a75-9d0a-f9ba37f2b6cd.jpg', 'url': 'https://file.bienici.com/photo/citya-1-287-TAPP938770_dqcwxbr1h80rn.cloudfront.net_208_128729_d93a370b-a57f-5a75-9d0a-f9ba37f2b6cd.jpg'}, {'url_photo': 'https://dqcwxbr1h80rn.cloudfront.net/208/128729/1399da13-e3fe-5921-9b92-803f6f5bf144.jpg', 'photo': 'citya-1-287-TAPP938770_dqcwxbr1h80rn.cloudfront.net_208_128729_1399da13-e3fe-5921-9b92-803f6f5bf144.jpg', 'url': 'https://file.bienici.com/photo/citya-1-287-TAPP938770_dqcwxbr1h80rn.cloudfront.net_208_128729_1399da13-e3fe-5921-9b92-803f6f5bf144.jpg'}, {'url_photo': 'https://dqcwxbr1h80rn.cloudfront.net/208/128729/1cda2fbb-31b1-5855-b583-1875d9c9753e.jpg', 'photo': 'citya-1-287-TAPP938770_dqcwxbr1h80rn.cloudfront.net_208_128729_1cda2fbb-31b1-5855-b583-1875d9c9753e.jpg', 'url': 'https://file.bienici.com/photo/citya-1-287-TAPP938770_dqcwxbr1h80rn.cloudfront.net_208_128729_1cda2fbb-31b1-5855-b583-1875d9c9753e.jpg'}, {'url_photo': 'https://dqcwxbr1h80rn.cloudfront.net/208/128729/32da7388-af44-527e-95f3-c5ef9b33032d.jpg', 'photo': 'citya-1-287-TAPP938770_dqcwxbr1h80rn.cloudfront.net_208_128729_32da7388-af44-527e-95f3-c5ef9b33032d.jpg', 'url': 'https://file.bienici.com/photo/citya-1-287-TAPP938770_dqcwxbr1h80rn.cloudfront.net_208_128729_32da7388-af44-527e-95f3-c5ef9b33032d.jpg'}, {'url_photo': 'https://dqcwxbr1h80rn.cloudfront.net/208/128729/1492dbde-b7e7-5f7a-ae28-44630e3e6c42.jpg', 'photo': 'citya-1-287-TAPP938770_dqcwxbr1h80rn.cloudfront.net_208_128729_1492dbde-b7e7-5f7a-ae28-44630e3e6c42.jpg', 'url': 'https://file.bienici.com/photo/citya-1-287-TAPP938770_dqcwxbr1h80rn.cloudfront.net_208_128729_1492dbde-b7e7-5f7a-ae28-44630e3e6c42.jpg'}, {'url_photo': 'https://dqcwxbr1h80rn.cloudfront.net/208/128729/5372fb1b-1cb7-58cf-a755-6f482a0fa1df.jpg', 'photo': 'citya-1-287-TAPP938770_dqcwxbr1h80rn.cloudfront.net_208_128729_5372fb1b-1cb7-58cf-a755-6f482a0fa1df.jpg', 'url': 'https://file.bienici.com/photo/citya-1-287-TAPP938770_dqcwxbr1h80rn.cloudfront.net_208_128729_5372fb1b-1cb7-58cf-a755-6f482a0fa1df.jpg'}, {'url_photo': 'https://dqcwxbr1h80rn.cloudfront.net/208/128729/9271f150-b00c-51f4-a64b-dfe8ba73e0da.jpg', 'photo': 'citya-1-287-TAPP938770_dqcwxbr1h80rn.cloudfront.net_208_128729_9271f150-b00c-51f4-a64b-dfe8ba73e0da.jpg', 'url': 'https://file.bienici.com/photo/citya-1-287-TAPP938770_dqcwxbr1h80rn.cloudfront.net_208_128729_9271f150-b00c-51f4-a64b-dfe8ba73e0da.jpg'}, {'url_photo': 'https://dqcwxbr1h80rn.cloudfront.net/208/128729/f3963202-12d0-50fe-acf7-ba1c857cc240.jpg', 'photo': 'citya-1-287-TAPP938770_dqcwxbr1h80rn.cloudfront.net_208_128729_f3963202-12d0-50fe-acf7-ba1c857cc240.jpg', 'url': 'https://file.bienici.com/photo/citya-1-287-TAPP938770_dqcwxbr1h80rn.cloudfront.net_208_128729_f3963202-12d0-50fe-acf7-ba1c857cc240.jpg'}, {'url_photo': 'https://dqcwxbr1h80rn.cloudfront.net/208/128729/e297b1ec-1917-5afe-a5fb-eff9ef3a8272.jpg', 'photo': 'citya-1-287-TAPP938770_dqcwxbr1h80rn.cloudfront.net_208_128729_e297b1ec-1917-5afe-a5fb-eff9ef3a8272.jpg', 'url': 'https://file.bienici.com/photo/citya-1-287-TAPP938770_dqcwxbr1h80rn.cloudfront.net_208_128729_e297b1ec-1917-5afe-a5fb-eff9ef3a8272.jpg'}, {'url_photo': 'https://dqcwxbr1h80rn.cloudfront.net/208/128729/80628929-238d-5ba0-b895-90c1704969af.jpg', 'photo': 'citya-1-287-TAPP938770_dqcwxbr1h80rn.cloudfront.net_208_128729_80628929-238d-5ba0-b895-90c1704969af.jpg', 'url': 'https://file.bienici.com/photo/citya-1-287-TAPP938770_dqcwxbr1h80rn.cloudfront.net_208_128729_80628929-238d-5ba0-b895-90c1704969af.jpg'}, {'url_photo': 'https://dqcwxbr1h80rn.cloudfront.net/208/128729/88546fe1-b470-562a-81cb-9790e756de25.jpg', 'photo': 'citya-1-287-TAPP938770_dqcwxbr1h80rn.cloudfront.net_208_128729_88546fe1-b470-562a-81cb-9790e756de25.jpg', 'url': 'https://file.bienici.com/photo/citya-1-287-TAPP938770_dqcwxbr1h80rn.cloudfront.net_208_128729_88546fe1-b470-562a-81cb-9790e756de25.jpg'}, {'url_photo': 'https://dqcwxbr1h80rn.cloudfront.net/208/128729/6b064d6d-6e32-5fa0-b8b9-753623326ad0.jpg', 'photo': 'citya-1-287-TAPP938770_dqcwxbr1h80rn.cloudfront.net_208_128729_6b064d6d-6e32-5fa0-b8b9-753623326ad0.jpg', 'url': 'https://file.bienici.com/photo/citya-1-287-TAPP938770_dqcwxbr1h80rn.cloudfront.net_208_128729_6b064d6d-6e32-5fa0-b8b9-753623326ad0.jpg'}, {'url_photo': 'https://dqcwxbr1h80rn.cloudfront.net/208/128729/bf92df1f-980c-521a-b74a-c533a2b7238d.jpg', 'photo': 'citya-1-287-TAPP938770_dqcwxbr1h80rn.cloudfront.net_208_128729_bf92df1f-980c-521a-b74a-c533a2b7238d.jpg', 'url': 'https://file.bienici.com/photo/citya-1-287-TAPP938770_dqcwxbr1h80rn.cloudfront.net_208_128729_bf92df1f-980c-521a-b74a-c533a2b7238d.jpg'}, {'url_photo': 'https://dqcwxbr1h80rn.cloudfront.net/208/128729/f7ab1c12-949a-5021-a26c-cce66058fd58.jpg', 'photo': 'citya-1-287-TAPP938770_dqcwxbr1h80rn.cloudfront.net_208_128729_f7ab1c12-949a-5021-a26c-cce66058fd58.jpg', 'url': 'https://file.bienici.com/photo/citya-1-287-TAPP938770_dqcwxbr1h80rn.cloudfront.net_208_128729_f7ab1c12-949a-5021-a26c-cce66058fd58.jpg'}, {'url_photo': 'https://dqcwxbr1h80rn.cloudfront.net/208/128729/ac82cf61-721c-56a0-bb22-dc071e8fafff.jpg', 'photo': 'citya-1-287-TAPP938770_dqcwxbr1h80rn.cloudfront.net_208_128729_ac82cf61-721c-56a0-bb22-dc071e8fafff.jpg', 'url': 'https://file.bienici.com/photo/citya-1-287-TAPP938770_dqcwxbr1h80rn.cloudfront.net_208_128729_ac82cf61-721c-56a0-bb22-dc071e8fafff.jpg'}]",False,181,D,37,D,121,1332,seller,https://www.citya.com/agences-immobilieres/Orl%C3%A9ans-45000/287,True,560,800,Nord,True,1,True,collectif,False,45,True,True,3186.151530356247,45000,1616,True,buy,vente,False,0,deploye,False,False,citya-republique,False,True,[],2025-09-25T00:00:00.000Z,disk,50,"[1.9265804279460483, 47.92165501580457, 1.9279209073886734, 47.92255333370216]",47.922104174753365,1.9272506676673609,47.922104174753365,1.9272506676673609,[],300486,1,Orléans - Barrière Saint-Marc,Barrière Saint-Marc,45000,45234,300486,45234,45000,1,True,False,True,True,False,False,684c48600bb87300b76d74a2,['citya-1-287'],"['citya-1-287', '684c48600bb87300b76d74a2', '568f8aedf30b669900ad1745', 'unis', '620527791f6c8b00bb025158', 'contract-type-agency-efficiency-package', 'contract-type-agency-performance-package', 'contract-type-agency-package']",False,False,False,False,False,False,True,False,False,False
Orléans,45100,True,century-21-202_2400_52325,buy,house,52325,"Située dans un poumon vert en plein cœur d'Orléans Sud, cette belle maison de plain pied est un véritable havre de paix, refaite à neuf pour offrir un confort et une qualité de vie exceptionnels.   Avec une surface habitable de 120 mètres carrés, elle comprend une cuisine spacieuse entièrement aménagée et équipée, un salon et un séjour qui s'ouvre sur une véranda lumineuse, idéale pour profiter de la lumière naturelle et de l'air frais. Les trois chambres sont conçues pour offrir un espace de sommeil paisible, tandis que la salle de bains et les WC sont fonctionnels et pratiques.  La maison bénéficie d'un emplacement idéal, à proximité de transports en commun, avec un arrêt de bus à seulement 4 minutes à pied, ce qui facilite les déplacements dans la ville. Les familles apprécieront la proximité d'un établissement d'enseignement, le lycée Charles Péguy, situé à 16 minutes à pied.   Le quartier est calme et verdoyant, offrant une qualité de vie exceptionnelle et un environnement propice à la détente.   La maison est également équipée d'une chaudière à condensation au gaz de ville ainsi que d'un poêle à bois pour un confort optimal tout au long de l'année.  Cette maison est un véritable atout pour ceux qui cherchent un espace de vie spacieux et confortable, dans un quartier paisible, proche de la nature tout en étant bien desservi par les commodités.   Le DPE de la maison est classé C, garantie de sa qualité de rénovation, et elle dispose d'une véranda qui offre une vue agréable sur l'extérieur. Le plus: plusieurs grandes dépendances à votre disposition pour du bricolage, du stockage...  Que vous soyez une famille ou un couple, cette maison est conçue pour répondre à vos besoins et offrir un mode de vie agréable et détendu. Avec ses caractéristiques exceptionnelles et son emplacement idéal, cette maison est une opportunité à ne pas manquer pour ceux qui cherchent un foyer chaleureux et accueillant. Montant estimé des dépenses annuelles d'énergie pour un usage standard entre 1440.0 € et 1990.0 € indexées aux années 2021, 2022, 2023 (abonnements compris). Bien proposé par Micaele DA MOTA EI, agent commercial (RSAC 798493987)",1970-01-01T00:00:00.000Z,2025-11-15T02:30:15.757Z,False,1970.0,"[{'url': 'https://player.previsite.net/video/68F5AEE95440E7A6ADBDDE407D7978D3', 'previewImageUrl': 'https://player.previsite.net/image/68F5AEE95440E7A6ADBDDE407D7978D3.jpg', 'type': 'video', 'highlighted': True, 'accepted': True, 'https': True, 'size': 'responsive', 'mobileSupport': True, 'id': 'century-21-202_2400_52325_virtualTour_0'}]",agency,False,c679319a-15af-43a6-9715-aa819284ad0e,CENTURY 21 Help'immo,True,3,6,120.32,2659,False,1,0,0.0,0,0.0,1.0,0.0,True,False,False,Individuel au gaz Chaudière gaz Gaz,True,2025-01-06,145,C,22,C,364900,seller,https://www.century21-helpimmo-la-chapelle.com/mentions_legales/,"[{'url_photo': 'https://images.century21.fr/202/2400/c21_202_2400_52325_1_24CD7B9E-FE18-4D29-94F1-A528B0F71F9D.jpg', 'photo': 'century-21-202_2400_52325_images.century21.fr_202_2400_c21_202_2400_52325_1_24CD7B9E-FE18-4D29-94F1-A528B0F71F9D.jpg', 'url': 'https://file.bienici.com/photo/century-21-202_2400_52325_images.century21.fr_202_2400_c21_202_2400_52325_1_24CD7B9E-FE18-4D29-94F1-A528B0F71F9D.jpg'}, {'url_photo': 'https://images.century21.fr/202/2400/c21_202_2400_52325_1_9BFC41A6-A93E-4FCF-8E01-C529F6E1C8E2.jpg', 'photo': 'century-21-202_2400_52325_images.century21.fr_202_2400_c21_202_2400_52325_1_9BFC41A6-A93E-4FCF-8E01-C529F6E1C8E2.jpg', 'url': 'https://file.bienici.com/photo/century-21-202_2400_52325_images.century21.fr_202_2400_c21_202_2400_52325_1_9BFC41A6-A93E-4FCF-8E01-C529F6E1C8E2.jpg'}, {'url_photo': 'https://images.century21.fr/202/2400/c21_202_2400_52325_1_E8DBC7BD-21D3-4F81-BFA1-F42FC43F5242.jpg', 'photo': 'century-21-202_2400_52325_images.century21.fr_202_2400_c21_202_2400_52325_1_E8DBC7BD-21D3-4F81-BFA1-F42FC43F5242.jpg', 'url': 'https://file.bienici.com/photo/century-21-202_2400_52325_images.century21.fr_202_2400_c21_202_2400_52325_1_E8DBC7BD-21D3-4F81-BFA1-F42FC43F5242.jpg'}, {'url_photo': 'https://images.century21.fr/202/2400/c21_202_2400_52325_1_42626068-B7E7-4165-870C-3327ADE62BC2.jpg', 'photo': 'century-21-202_2400_52325_images.century21.fr_202_2400_c21_202_2400_52325_1_42626068-B7E7-4165-870C-3327ADE62BC2.jpg', 'url': 'https://file.bienici.com/photo/century-21-202_2400_52325_images.century21.fr_202_2400_c21_202_2400_52325_1_42626068-B7E7-4165-870C-3327ADE62BC2.jpg'}, {'url_photo': 'https://images.century21.fr/202/2400/c21_202_2400_52325_1_27BE5BAB-4A9A-4D33-B46E-54C489C4B9FE.jpg', 'photo': 'century-21-202_2400_52325_images.century21.fr_202_2400_c21_202_2400_52325_1_27BE5BAB-4A9A-4D33-B46E-54C489C4B9FE.jpg', 'url': 'https://file.bienici.com/photo/century-21-202_2400_52325_images.century21.fr_202_2400_c21_202_2400_52325_1_27BE5BAB-4A9A-4D33-B46E-54C489C4B9FE.jpg'}, {'url_photo': 'https://images.century21.fr/202/2400/c21_202_2400_52325_1_D28ED72E-9E24-42E4-B8D4-C849083FC586.jpg', 'photo': 'century-21-202_2400_52325_images.century21.fr_202_2400_c21_202_2400_52325_1_D28ED72E-9E24-42E4-B8D4-C849083FC586.jpg', 'url': 'https://file.bienici.com/photo/century-21-202_2400_52325_images.century21.fr_202_2400_c21_202_2400_52325_1_D28ED72E-9E24-42E4-B8D4-C849083FC586.jpg'}, {'url_photo': 'https://images.century21.fr/202/2400/c21_202_2400_52325_1_11856C30-6710-4B5A-8F03-E5485D9997C3.jpg', 'photo': 'century-21-202_2400_52325_images.century21.fr_202_2400_c21_202_2400_52325_1_11856C30-6710-4B5A-8F03-E5485D9997C3.jpg', 'url': 'https://file.bienici.com/photo/century-21-202_2400_52325_images.century21.fr_202_2400_c21_202_2400_52325_1_11856C30-6710-4B5A-8F03-E5485D9997C3.jpg'}, {'url_photo': 'https://images.century21.fr/202/2400/c21_202_2400_52325_1_B545DE85-1246-4599-A514-51F59ACD669C.jpg', 'photo': 'century-21-202_2400_52325_images.century21.fr_202_2400_c21_202_2400_52325_1_B545DE85-1246-4599-A514-51F59ACD669C.jpg', 'url': 'https://file.bienici.com/photo/century-21-202_2400_52325_images.century21.fr_202_2400_c21_202_2400_52325_1_B545DE85-1246-4599-A514-51F59ACD669C.jpg'}, {'url_photo': 'https://images.century21.fr/202/2400/c21_202_2400_52325_1_AA7107A1-5E03-4174-84AD-6845FE6D2C93.jpg', 'photo': 'century-21-202_2400_52325_images.century21.fr_202_2400_c21_202_2400_52325_1_AA7107A1-5E03-4174-84AD-6845FE6D2C93.jpg', 'url': 'https://file.bienici.com/photo/century-21-202_2400_52325_images.century21.fr_202_2400_c21_202_2400_52325_1_AA7107A1-5E03-4174-84AD-6845FE6D2C93.jpg'}, {'url_photo': 'https://images.century21.fr/202/2400/c21_202_2400_52325_1_A0F0046C-D899-4361-9088-54F1261128D2.jpg', 'photo': 'century-21-202_2400_52325_images.century21.fr_202_2400_c21_202_2400_52325_1_A0F0046C-D899-4361-9088-54F1261128D2.jpg', 'url': 'https://file.bienici.com/photo/century-21-202_2400_52325_images.century21.fr_202_2400_c21_202_2400_52325_1_A0F0046C-D899-4361-9088-54F1261128D2.jpg'}, {'url_photo': 'https://images.century21.fr/202/2400/c21_202_2400_52325_1_FBFA9739-16E0-4C24-A7B9-123D431FF28A.jpg', 'photo': 'century-21-202_2400_52325_images.century21.fr_202_2400_c21_202_2400_52325_1_FBFA9739-16E0-4C24-A7B9-123D431FF28A.jpg', 'url': 'https://file.bienici.com/photo/century-21-202_2400_52325_images.century21.fr_202_2400_c21_202_2400_52325_1_FBFA9739-16E0-4C24-A7B9-123D431FF28A.jpg'}, {'url_photo': 'https://images.century21.fr/202/2400/c21_202_2400_52325_1_1EE31F65-DE63-4B5C-9426-27883642C757.jpg', 'photo': 'century-21-202_2400_52325_images.century21.fr_202_2400_c21_202_2400_52325_1_1EE31F65-DE63-4B5C-9426-27883642C757.jpg', 'url': 'https://file.bienici.com/photo/century-21-202_2400_52325_images.century21.fr_202_2400_c21_202_2400_52325_1_1EE31F65-DE63-4B5C-9426-27883642C757.jpg'}, {'url_photo': 'https://images.century21.fr/202/2400/c21_202_2400_52325_1_99AE5E78-8DD3-4967-A420-1BC134B7001D.jpg', 'photo': 'century-21-202_2400_52325_images.century21.fr_202_2400_c21_202_2400_52325_1_99AE5E78-8DD3-4967-A420-1BC134B7001D.jpg', 'url': 'https://file.bienici.com/photo/century-21-202_2400_52325_images.century21.fr_202_2400_c21_202_2400_52325_1_99AE5E78-8DD3-4967-A420-1BC134B7001D.jpg'}, {'url_photo': 'https://images.century21.fr/202/2400/c21_202_2400_52325_1_C9626375-3F5B-4F58-AE52-E6EEE2A657CD.jpg', 'photo': 'century-21-202_2400_52325_images.century21.fr_202_2400_c21_202_2400_52325_1_C9626375-3F5B-4F58-AE52-E6EEE2A657CD.jpg', 'url': 'https://file.bienici.com/photo/century-21-202_2400_52325_images.century21.fr_202_2400_c21_202_2400_52325_1_C9626375-3F5B-4F58-AE52-E6EEE2A657CD.jpg'}, {'url_photo': 'https://images.century21.fr/202/2400/c21_202_2400_52325_1_B47ED7E2-92C8-48A3-B53E-BC1F7AB91901.jpg', 'photo': 'century-21-202_2400_52325_images.century21.fr_202_2400_c21_202_2400_52325_1_B47ED7E2-92C8-48A3-B53E-BC1F7AB91901.jpg', 'url': 'https://file.bienici.com/photo/century-21-202_2400_52325_images.century21.fr_202_2400_c21_202_2400_52325_1_B47ED7E2-92C8-48A3-B53E-BC1F7AB91901.jpg'}, {'url_photo': 'https://images.century21.fr/202/2400/c21_202_2400_52325_1_08C0C4FB-B7F4-4D79-8A4A-2B240BB81991.jpg', 'photo': 'century-21-202_2400_52325_images.century21.fr_202_2400_c21_202_2400_52325_1_08C0C4FB-B7F4-4D79-8A4A-2B240BB81991.jpg', 'url': 'https://file.bienici.com/photo/century-21-202_2400_52325_images.century21.fr_202_2400_c21_202_2400_52325_1_08C0C4FB-B7F4-4D79-8A4A-2B240BB81991.jpg'}, {'url_photo': 'https://images.century21.fr/202/2400/c21_202_2400_52325_1_5FA78274-962A-4679-855E-158154FBACF0.jpg', 'photo': 'century-21-202_2400_52325_images.century21.fr_202_2400_c21_202_2400_52325_1_5FA78274-962A-4679-855E-158154FBACF0.jpg', 'url': 'https://file.bienici.com/photo/century-21-202_2400_52325_images.century21.fr_202_2400_c21_202_2400_52325_1_5FA78274-962A-4679-855E-158154FBACF0.jpg'}, {'url_photo': 'https://images.century21.fr/202/2400/c21_202_2400_52325_1_CF73194B-9078-4ABA-A66E-18C200E86EFE.jpg', 'photo': 'century-21-202_2400_52325_images.century21.fr_202_2400_c21_202_2400_52325_1_CF73194B-9078-4ABA-A66E-18C200E86EFE.jpg', 'url': 'https://file.bienici.com/photo/century-21-202_2400_52325_images.century21.fr_202_2400_c21_202_2400_52325_1_CF73194B-9078-4ABA-A66E-18C200E86EFE.jpg'}, {'url_photo': 'https://images.century21.fr/202/2400/c21_202_2400_52325_1_464B706E-3576-469D-A61B-AF87EA70C222.jpg', 'photo': 'century-21-202_2400_52325_images.century21.fr_202_2400_c21_202_2400_52325_1_464B706E-3576-469D-A61B-AF87EA70C222.jpg', 'url': 'https://file.bienici.com/photo/century-21-202_2400_52325_images.century21.fr_202_2400_c21_202_2400_52325_1_464B706E-3576-469D-A61B-AF87EA70C222.jpg'}, {'url_photo': 'https://images.century21.fr/202/2400/c21_202_2400_52325_1_9038118B-55B4-4343-B178-844B6B538C44.jpg', 'photo': 'century-21-202_2400_52325_images.century21.fr_202_2400_c21_202_2400_52325_1_9038118B-55B4-4343-B178-844B6B538C44.jpg', 'url': 'https://file.bienici.com/photo/century-21-202_2400_52325_images.century21.fr_202_2400_c21_202_2400_52325_1_9038118B-55B4-4343-B178-844B6B538C44.jpg'}, {'url_photo': 'https://images.century21.fr/202/2400/c21_202_2400_52325_1_712B37B4-EC48-45D0-B877-8ED18CF30A14.jpg', 'photo': 'century-21-202_2400_52325_images.century21.fr_202_2400_c21_202_2400_52325_1_712B37B4-EC48-45D0-B877-8ED18CF30A14.jpg', 'url': 'https://file.bienici.com/photo/century-21-202_2400_52325_images.century21.fr_202_2400_c21_202_2400_52325_1_712B37B4-EC48-45D0-B877-8ED18CF30A14.jpg'}, {'url_photo': 'https://images.century21.fr/202/2400/c21_202_2400_52325_1_D35088C5-C089-436A-B9DF-620D66A90FDB.jpg', 'photo': 'century-21-202_2400_52325_images.century21.fr_202_2400_c21_202_2400_52325_1_D35088C5-C089-436A-B9DF-620D66A90FDB.jpg', 'url': 'https://file.bienici.com/photo/century-21-202_2400_52325_images.century21.fr_202_2400_c21_202_2400_52325_1_D35088C5-C089-436A-B9DF-620D66A90FDB.jpg'}, {'url_photo': 'https://images.century21.fr/202/2400/c21_202_2400_52325_1_A5D4261E-AD2C-46CE-9D44-57B1E20BE283.jpg', 'photo': 'century-21-202_2400_52325_images.century21.fr_202_2400_c21_202_2400_52325_1_A5D4261E-AD2C-46CE-9D44-57B1E20BE283.jpg', 'url': 'https://file.bienici.com/photo/century-21-202_2400_52325_images.century21.fr_202_2400_c21_202_2400_52325_1_A5D4261E-AD2C-46CE-9D44-57B1E20BE283.jpg'}, {'url_photo': 'https://images.century21.fr/202/2400/c21_202_2400_52325_1_D61AE437-C954-4E2F-86E2-3C46587A7172.jpg', 'photo': 'century-21-202_2400_52325_images.century21.fr_202_2400_c21_202_2400_52325_1_D61AE437-C954-4E2F-86E2-3C46587A7172.jpg', 'url': 'https://file.bienici.com/photo/century-21-202_2400_52325_images.century21.fr_202_2400_c21_202_2400_52325_1_D61AE437-C954-4E2F-86E2-3C46587A7172.jpg'}, {'url_photo': 'https://images.century21.fr/202/2400/c21_202_2400_52325_1_BD09B261-C32E-428E-A68F-FE4EEC30B617.jpg', 'photo': 'century-21-202_2400_52325_images.century21.fr_202_2400_c21_202_2400_52325_1_BD09B261-C32E-428E-A68F-FE4EEC30B617.jpg', 'url': 'https://file.bienici.com/photo/century-21-202_2400_52325_images.century21.fr_202_2400_c21_202_2400_52325_1_BD09B261-C32E-428E-A68F-FE4EEC30B617.jpg'}]",1.0,True,True,True,45,True,True,3032.7460106382982,45100,2158,,False,buy,vente,False,0,en cours de deploiement,False,False,century-21-help-immo,True,[],2025-09-25T00:00:00.000Z,disk,50,"[1.8851283649494999, 47.88169432230444, 1.886467808506071, 47.882592640200514]",47.88214348125248,1.8857980867277855,47.88214348125248,1.8857980867277855,300481,1,Orléans - Soleil Levant - Champ de Mars,Soleil Levant - Champ de Mars,45100,45234,300481,45234,45100,1,True,False,True,False,True,False,558abf6bea7355e500782faa,['century-21-22175150'],"['century-21-22175150', '558abf6bea7355e500782faa', '58f0043f872c49009bfbcbd2', 'contract-type-agency-efficiency-package', 'contract-type-agency-performance-package']",False,False,False,False,False,False,True,False,False,False,[],,,,,,,,,,
Orléans,45000,,ag340369-472873862,buy,house,340935272252,"Maison de ville avec jardin arboré – Quartier Bannier-Coligny Orléans

Dans un secteur recherché, à deux pas des commerces et seulement 13 minutes à pied de la gare SNCF, cette maison familiale de 183 m² habitables vous séduira par son charme, sa luminosité et son espace de vie.

Un vrai coup de cœur pour son espace de vie chaleureux : Dès l'entrée, un bureau indépendant permet de travailler sereinement à domicile. La vie s'organise autour d'un salon avec cheminée et d'une cuisine ouverte sur la salle à manger, prolongée par un jardin arboré, véritable écrin de verdure en cœur de ville.

À l'étage, de grandes chambres accueillent toute la famille et offrent des espaces facilement modulables : salle de jeux, chambre d'amis, bureau ou encore dressing selon vos envies. Le dernier niveau complète l'ensemble avec deux chambres supplémentaires et une salle de bains.

Un atelier (espace de rangement), une cave et un cellier viennent renforcer le confort de cette maison, idéale pour concilier vie familiale et projets personnels.

Un bien rare à Orléans, alliant emplacement, confort et potentiel : parfait pour une famille qui souhaite de l'espace ou pour combiner vie professionnelle et personnelle.

 Les honoraires sont à la charge du vendeur.
Les informations sur les risques auxquels ce bien est exposé sont disponibles sur le site Géorisques : www.georisques.gouv.fr.

Réseau Immobilier CAPIFRANCE - Votre agent commercial (RSAC N°833 606 700 - Greffe de ORLEANS) Valerie BURTE-DUPUY Entrepreneur Individuel <span class=""importDescriptionDecorator"" data-type=""phone"">06 25 75 30 59</span> - Réf.906523",1970-01-01T00:00:00.000Z,2025-11-11T16:04:36.606Z,False,,,mandatary,False,,,True,4,7,184.0,236,False,1,1,,1,,,,,,,cheminée,,2025-05-06,202,D,36,D,480000,seller,http://assets.digitregroup.io/capifrance/capifrance_baremes_agence_B2025-A.pdf,"[{'url_photo': 'https://photos.ubiflow.net/340369/472873862/photos/1.jpg?INSOON_EB_5512801818_20251103152759', 'photo': 'ag340369-472873862_photos.ubiflow.net_340369_472873862_photos_1.jpg_INSOON_EB_5512801818_20251103152759', 'url': 'https://file.bienici.com/photo/ag340369-472873862_photos.ubiflow.net_340369_472873862_photos_1.jpg_INSOON_EB_5512801818_20251103152759'}, {'url_photo': 'https://photos.ubiflow.net/340369/472873862/photos/2.jpg?INSOON_EB_5512801818_20251103152759', 'photo': 'ag340369-472873862_photos.ubiflow.net_340369_472873862_photos_2.jpg_INSOON_EB_5512801818_20251103152759', 'url': 'https://file.bienici.com/photo/ag340369-472873862_photos.ubiflow.net_340369_472873862_photos_2.jpg_INSOON_EB_5512801818_20251103152759'}, {'url_photo': 'https://photos.ubiflow.net/340369/472873862/photos/3.jpg?INSOON_EB_5512801818_20251103152759', 'photo': 'ag340369-472873862_photos.ubiflow.net_340369_472873862_photos_3.jpg_INSOON_EB_5512801818_20251103152759', 'url': 'https://file.bienici.com/photo/ag340369-472873862_photos.ubiflow.net_340369_472873862_photos_3.jpg_INSOON_EB_5512801818_20251103152759'}, {'url_photo': 'https://photos.ubiflow.net/340369/472873862/photos/4.jpg?INSOON_EB_5512801818_20251103152759', 'photo': 'ag340369-472873862_photos.ubiflow.net_340369_472873862_photos_4.jpg_INSOON_EB_5512801818_20251103152759', 'url': 'https://file.bienici.com/photo/ag340369-472873862_photos.ubiflow.net_340369_472873862_photos_4.jpg_INSOON_EB_5512801818_20251103152759'}, {'url_photo': 'https://photos.ubiflow.net/340369/472873862/photos/5.jpg?INSOON_EB_5512801818_20251103152759', 'photo': 'ag340369-472873862_photos.ubiflow.net_340369_472873862_photos_5.jpg_INSOON_EB_5512801818_20251103152759', 'url': 'https://file.bienici.com/photo/ag340369-472873862_photos.ubiflow.net_340369_472873862_photos_5.jpg_INSOON_EB_5512801818_20251103152759'}, {'url_photo': 'https://photos.ubiflow.net/340369/472873862/photos/6.jpg?INSOON_EB_5512801818_20251103152759', 'photo': 'ag340369-472873862_photos.ubiflow.net_340369_472873862_photos_6.jpg_INSOON_EB_5512801818_20251103152759', 'url': 'https://file.bienici.com/photo/ag340369-472873862_photos.ubiflow.net_340369_472873862_photos_6.jpg_INSOON_EB_5512801818_20251103152759'}, {'url_photo': 'https://photos.ubiflow.net/340369/472873862/photos/7.jpg?INSOON_EB_5512801818_20251103152759', 'photo': 'ag340369-472873862_photos.ubiflow.net_340369_472873862_photos_7.jpg_INSOON_EB_5512801818_20251103152759', 'url': 'https://file.bienici.com/photo/ag340369-472873862_photos.ubiflow.net_340369_472873862_photos_7.jpg_INSOON_EB_5512801818_20251103152759'}, {'url_photo': 'https://photos.ubiflow.net/340369/472873862/photos/8.jpg?INSOON_EB_5512801818_20251103152759', 'photo': 'ag340369-472873862_photos.ubiflow.net_340369_472873862_photos_8.jpg_INSOON_EB_5512801818_20251103152759', 'url': 'https://file.bienici.com/photo/ag340369-472873862_photos.ubiflow.net_340369_472873862_photos_8.jpg_INSOON_EB_5512801818_20251103152759'}, {'url_photo': 'https://photos.ubiflow.net/340369/472873862/photos/9.jpg?INSOON_EB_5512801818_20251103152800', 'photo': 'ag340369-472873862_photos.ubiflow.net_340369_472873862_photos_9.jpg_INSOON_EB_5512801818_20251103152800', 'url': 'https://file.bienici.com/photo/ag340369-472873862_photos.ubiflow.net_340369_472873862_photos_9.jpg_INSOON_EB_5512801818_20251103152800'}, {'url_photo': 'https://photos.ubiflow.net/340369/472873862/photos/10.jpg?INSOON_EB_5512801818_20251103152800', 'photo': 'ag340369-472873862_photos.ubiflow.net_340369_472873862_photos_10.jpg_INSOON_EB_5512801818_20251103152800', 'url': 'https://file.bienici.com/photo/ag340369-472873862_photos.ubiflow.net_340369_472873862_photos_10.jpg_INSOON_EB_5512801818_20251103152800'}, {'url_photo': 'https://photos.ubiflow.net/340369/472873862/photos/11.jpg?INSOON_EB_5512801818_20251103152800', 'photo': 'ag340369-472873862_photos.ubiflow.net_340369_472873862_photos_11.jpg_INSOON_EB_5512801818_20251103152800', 'url': 'https://file.bienici.com/photo/ag340369-472873862_photos.ubiflow.net_340369_472873862_photos_11.jpg_INSOON_EB_5512801818_20251103152800'}, {'url_photo': 'https://photos.ubiflow.net/340369/472873862/photos/12.jpg?INSOON_EB_5512801818_20251103152800', 'photo': 'ag340369-472873862_photos.ubiflow.net_340369_472873862_photos_12.jpg_INSOON_EB_5512801818_20251103152800', 'url': 'https://file.bienici.com/photo/ag340369-472873862_photos.ubiflow.net_340369_472873862_photos_12.jpg_INSOON_EB_5512801818_20251103152800'}, {'url_photo': 'https://photos.ubiflow.net/340369/472873862/photos/13.jpg?INSOON_EB_5512801818_20251103152800', 'photo': 'ag340369-472873862_photos.ubiflow.net_340369_472873862_photos_13.jpg_INSOON_EB_5512801818_20251103152800', 'url': 'https://file.bienici.com/photo/ag340369-472873862_photos.ubiflow.net_340369_472873862_photos_13.jpg_INSOON_EB_5512801818_20251103152800'}, {'url_photo': 'https://photos.ubiflow.net/340369/472873862/photos/14.jpg?INSOON_EB_5512801818_20251103152800', 'photo': 'ag340369-472873862_photos.ubiflow.net_340369_472873862_photos_14.jpg_INSOON_EB_5512801818_20251103152800', 'url': 'https://file.bienici.com/photo/ag340369-472873862_photos.ubiflow.net_340369_472873862_photos_14.jpg_INSOON_EB_5512801818_20251103152800'}, {'url_photo': 'https://photos.ubiflow.net/340369/472873862/photos/15.jpg?INSOON_EB_5512801818_20251103152800', 'photo': 'ag340369-472873862_photos.ubiflow.net_340369_472873862_photos_15.jpg_INSOON_EB_5512801818_20251103152800', 'url': 'https://file.bienici.com/photo/ag340369-472873862_photos.ubiflow.net_340369_472873862_photos_15.jpg_INSOON_EB_5512801818_20251103152800'}, {'url_photo': 'https://photos.ubiflow.net/340369/472873862/photos/16.jpg?INSOON_EB_5512801818_20251103152800', 'photo': 'ag340369-472873862_photos.ubiflow.net_340369_472873862_photos_16.jpg_INSOON_EB_5512801818_20251103152800', 'url': 'https://file.bienici.com/photo/ag340369-472873862_photos.ubiflow.net_340369_472873862_photos_16.jpg_INSOON_EB_5512801818_20251103152800'}, {'url_photo': 'https://photos.ubiflow.net/340369/472873862/photos/17.jpg?INSOON_EB_5512801818_20251103152800', 'photo': 'ag340369-472873862_photos.ubiflow.net_340369_472873862_photos_17.jpg_INSOON_EB_5512801818_20251103152800', 'url': 'https://file.bienici.com/photo/ag340369-472873862_photos.ubiflow.net_340369_472873862_photos_17.jpg_INSOON_EB_5512801818_20251103152800'}, {'url_photo': 'https://photos.ubiflow.net/340369/472873862/photos/18.jpg?INSOON_EB_5512801818_20251103152800', 'photo': 'ag340369-472873862_photos.ubiflow.net_340369_472873862_photos_18.jpg_INSOON_EB_5512801818_20251103152800', 'url': 'https://file.bienici.com/photo/ag340369-472873862_photos.ubiflow.net_340369_472873862_photos_18.jpg_INSOON_EB_5512801818_20251103152800'}, {'url_photo': 'https://photos.ubiflow.net/340369/472873862/photos/19.jpg?INSOON_EB_5512801818_20251103152800', 'photo': 'ag340369-472873862_photos.ubiflow.net_340369_472873862_photos_19.jpg_INSOON_EB_5512801818_20251103152800', 'url': 'https://file.bienici.com/photo/ag340369-472873862_photos.ubiflow.net_340369_472873862_photos_19.jpg_INSOON_EB_5512801818_20251103152800'}, {'url_photo': 'https://photos.ubiflow.net/340369/472873862/photos/20.jpg?INSOON_EB_5512801818_20251103152800', 'photo': 'ag340369-472873862_photos.ubiflow.net_340369_472873862_photos_20.jpg_INSOON_EB_5512801818_20251103152800', 'url': 'https://file.bienici.com/photo/ag340369-472873862_photos.ubiflow.net_340369_472873862_photos_20.jpg_INSOON_EB_5512801818_20251103152800'}, {'url_photo': 'https://photos.ubiflow.net/340369/472873862/photos/21.jpg?INSOON_EB_5512801818_20251103152800', 'photo': 'ag340369-472873862_photos.ubiflow.net_340369_472873862_photos_21.jpg_INSOON_EB_5512801818_20251103152800', 'url': 'https://file.bienici.com/photo/ag340369-472873862_photos.ubiflow.net_340369_472873862_photos_21.jpg_INSOON_EB_5512801818_20251103152800'}, {'url_photo': 'https://photos.ubiflow.net/340369/472873862/photos/22.jpg?INSOON_EB_5512801818_20251103152800', 'photo': 'ag340369-472873862_photos.ubiflow.net_340369_472873862_photos_22.jpg_INSOON_EB_5512801818_20251103152800', 'url': 'https://file.bienici.com/photo/ag340369-472873862_photos.ubiflow.net_340369_472873862_photos_22.jpg_INSOON_EB_5512801818_20251103152800'}, {'url_photo': 'https://photos.ubiflow.net/340369/472873862/photos/23.jpg?INSOON_EB_5512801818_20251103152800', 'photo': 'ag340369-472873862_photos.ubiflow.net_340369_472873862_photos_23.jpg_INSOON_EB_5512801818_20251103152800', 'url': 'https://file.bienici.com/photo/ag340369-472873862_photos.ubiflow.net_340369_472873862_photos_23.jpg_INSOON_EB_5512801818_20251103152800'}, {'url_photo': 'https://photos.ubiflow.net/340369/472873862/photos/24.jpg?INSOON_EB_5512801818_20251103152800', 'photo': 'ag340369-472873862_photos.ubiflow.net_340369_472873862_photos_24.jpg_INSOON_EB_5512801818_20251103152800', 'url': 'https://file.bienici.com/photo/ag340369-472873862_photos.ubiflow.net_340369_472873862_photos_24.jpg_INSOON_EB_5512801818_20251103152800'}, {'url_photo': 'https://photos.ubiflow.net/340369/472873862/photos/25.jpg?INSOON_EB_5512801818_20251103152800', 'photo': 'ag340369-472873862_photos.ubiflow.net_340369_472873862_photos_25.jpg_INSOON_EB_5512801818_20251103152800', 'url': 'https://file.bienici.com/photo/ag340369-472873862_photos.ubiflow.net_340369_472873862_photos_25.jpg_INSOON_EB_5512801818_20251103152800'}, {'url_photo': 'https://photos.ubiflow.net/340369/472873862/photos/26.jpg?INSOON_EB_5512801818_20251103152800', 'photo': 'ag340369-472873862_photos.ubiflow.net_340369_472873862_photos_26.jpg_INSOON_EB_5512801818_20251103152800', 'url': 'https://file.bienici.com/photo/ag340369-472873862_photos.ubiflow.net_340369_472873862_photos_26.jpg_INSOON_EB_5512801818_20251103152800'}, {'url_photo': 'https://photos.ubiflow.net/340369/472873862/photos/27.jpg?INSOON_EB_5512801818_20251103152800', 'photo': 'ag340369-472873862_photos.ubiflow.net_340369_472873862_photos_27.jpg_INSOON_EB_5512801818_20251103152800', 'url': 'https://file.bienici.com/photo/ag340369-472873862_photos.ubiflow.net_340369_472873862_photos_27.jpg_INSOON_EB_5512801818_20251103152800'}, {'url_photo': 'https://photos.ubiflow.net/340369/472873862/photos/28.jpg?INSOON_EB_5512801818_20251103152800', 'photo': 'ag340369-472873862_photos.ubiflow.net_340369_472873862_photos_28.jpg_INSOON_EB_5512801818_20251103152800', 'url': 'https://file.bienici.com/photo/ag340369-472873862_photos.ubiflow.net_340369_472873862_photos_28.jpg_INSOON_EB_5512801818_20251103152800'}, {'url_photo': 'https://photos.ubiflow.net/340369/472873862/photos/29.jpg?INSOON_EB_5512801818_20251103152800', 'photo': 'ag340369-472873862_photos.ubiflow.net_340369_472873862_photos_29.jpg_INSOON_EB_5512801818_20251103152800', 'url': 'https://file.bienici.com/photo/ag340369-472873862_photos.ubiflow.net_340369_472873862_photos_29.jpg_INSOON_EB_5512801818_20251103152800'}, {'url_photo': 'https://photos.ubiflow.net/340369/472873862/photos/30.jpg?INSOON_EB_5512801818_20251103152800', 'photo': 'ag340369-472873862_photos.ubiflow.net_340369_472873862_photos_30.jpg_INSOON_EB_5512801818_20251103152800', 'url': 'https://file.bienici.com/photo/ag340369-472873862_photos.ubiflow.net_340369_472873862_photos_30.jpg_INSOON_EB_5512801818_20251103152800'}, {'url_photo': 'https://photos.ubiflow.net/340369/472873862/photos/31.jpg?INSOON_EB_5512801818_20251103152800', 'photo': 'ag340369-472873862_photos.ubiflow.net_340369_472873862_photos_31.jpg_INSOON_EB_5512801818_20251103152800', 'url': 'https://file.bienici.com/photo/ag340369-472873862_photos.ubiflow.net_340369_472873862_photos_31.jpg_INSOON_EB_5512801818_20251103152800'}, {'url_photo': 'https://photos.ubiflow.net/340369/472873862/photos/32.jpg?INSOON_EB_5512801818_20251103152800', 'photo': 'ag340369-472873862_photos.ubiflow.net_340369_472873862_photos_32.jpg_INSOON_EB_5512801818_20251103152800', 'url': 'https://file.bienici.com/photo/ag340369-472873862_photos.ubiflow.net_340369_472873862_photos_32.jpg_INSOON_EB_5512801818_20251103152800'}, {'url_photo': 'https://photos.ubiflow.net/340369/472873862/photos/33.jpg?INSOON_EB_5512801818_20251103152800', 'photo': 'ag340369-472873862_photos.ubiflow.net_340369_472873862_photos_33.jpg_INSOON_EB_5512801818_20251103152800', 'url': 'https://file.bienici.com/photo/ag340369-472873862_photos.ubiflow.net_340369_472873862_photos_33.jpg_INSOON_EB_5512801818_20251103152800'}, {'url_photo': 'https://photos.ubiflow.net/340369/472873862/photos/34.jpg?INSOON_EB_5512801818_20251103152800', 'photo': 'ag340369-472873862_photos.ubiflow.net_340369_472873862_photos_34.jpg_INSOON_EB_5512801818_20251103152800', 'url': 'https://file.bienici.com/photo/ag340369-472873862_photos.ubiflow.net_340369_472873862_photos_34.jpg_INSOON_EB_5512801818_20251103152800'}, {'url_photo': 'https://photos.ubiflow.net/340369/472873862/photos/35.jpg?INSOON_EB_5512801818_20251103152800', 'photo': 'ag340369-472873862_photos.ubiflow.net_340369_472873862_photos_35.jpg_INSOON_EB_5512801818_20251103152800', 'url': 'https://file.bienici.com/photo/ag340369-472873862_photos.ubiflow.net_340369_472873862_photos_35.jpg_INSOON_EB_5512801818_20251103152800'}]",,True,True,True,45,True,False,2608.695652173913,45000,1552,Maison à vendre 6 pièces 183 m2 4/5 chambres Jardin et atelier ORLEANS BANNIER-COLIGNY (45),False,buy,vente,False,0,,False,False,,True,[],2025-09-25T00:00:00.000Z,disk,50,"[1.8995253656019915, 47.9135905186317, 1.9008656541160631, 47.91448883652915]",47.914039677580426,1.9001955098590273,47.914039677580426,1.9001955098590273,300472,1,Orléans - Dunois - Châteaudun,Dunois - Châteaudun,45000,45234,300472,45234,45000,1,True,False,True,False,False,False,558bbfd06fbf04e50075bbce,['ubiflow-easybusiness-ag340369-11256'],"['ubiflow-easybusiness-ag340369-11256', 'ubiflow-easybusiness-ag340369', '5f3bacb2b46a5f00b5b5fc6d', 'contract-type-mandatary', '558bbfd06fbf04e50075bbce']",False,False,False,False,False,False,True,False,False,False,[],True,True,3.0,1.0,True,3170.0,4360.0,480000.0,True,manual
Orléans,45000,True,ag912794-469356062,buy,flat,150612992,"Idéal investisseur ou première acquisition

Situé en plein c?ur d'Orléans, ce studio lumineux de 33 m² se niche au 10ème et dernier étage d'une résidence avec ascenseur.

Son principal atout ?

Une vue panoramique exceptionnelle sur la ville, sans vis-à-vis, qui offre un sentiment d'ouverture et de tranquillité rare en centre-ville.

Vous profiterez également de la proximité immédiate des commerces, transports et lieux de vie tout en étant dans un cadre calme et apaisant.

Un bien rare à découvrir sans tarder, idéal pour profiter pleinement de la vie citadine tout en gardant un coin de ciel rien qu'à soi.

Pour plus d'informations ou organiser une visite, contactez Benjamin Quatrevaux , agence MPI Brind'immo au  <span class=""importDescriptionDecorator"" data-type=""phone"">06 01 21 34 60</span> / <span class=""importDescriptionDecorator"" data-type=""phone"">01 80 82 43 10</span> - <span class=""importDescriptionDecorator"" data-type=""email"">b.quatrevaux@mpi-immo.com</span> - RSAC 909 673 634 à Orléans   Agent commercial indépendant du réseau national Marketplace Immobilier N° RSAC : 909 673 634
Les informations sur les risques auxquels ce bien est exposé sont disponibles sur le site Géorisques : www.georisques.gouv.fr",Studio en coeur de ville,1970-01-01T00:00:00.000Z,2025-11-14T14:27:33.177Z,False,"[{'url': 'https://player.previsite.net/video/5820EEC2CE2A8C43699D94142BBB4717', 'previewImageUrl': 'https://player.previsite.net/image/5820EEC2CE2A8C43699D94142BBB4717.jpg', 'type': 'video', 'highlighted': True, 'accepted': True, 'https': True, 'size': 'responsive', 'mobileSupport': True, 'id': 'ag912794-469356062_virtualTour_0'}]",agency,False,f8c681c2-b8ea-4c10-92b8-10ccc9e7d1cb,BRIND'IMMO,32,1,1,1,False,11,10,2025-03-19,2025-04-04,215,45,590,860,610,D,D,True,0.999999999999996,286,True,seller,79000,"[{'url_photo': 'https://photos.ubiflow.net/912794/469356062/photos/1.jpg?INSOON_EB_5512801818_20251029035010', 'photo': 'ag912794-469356062_photos.ubiflow.net_912794_469356062_photos_1.jpg_INSOON_EB_5512801818_20251029035010', 'url': 'https://file.bienici.com/photo/ag912794-469356062_photos.ubiflow.net_912794_469356062_photos_1.jpg_INSOON_EB_5512801818_20251029035010'}, {'url_photo': 'https://photos.ubiflow.net/912794/469356062/photos/2.jpg?INSOON_EB_5512801818_20251029035010', 'photo': 'ag912794-469356062_photos.ubiflow.net_912794_469356062_photos_2.jpg_INSOON_EB_5512801818_20251029035010', 'url': 'https://file.bienici.com/photo/ag912794-469356062_photos.ubiflow.net_912794_469356062_photos_2.jpg_INSOON_EB_5512801818_20251029035010'}, {'url_photo': 'https://photos.ubiflow.net/912794/469356062/photos/3.jpg?INSOON_EB_5512801818_20251011033618', 'photo': 'ag912794-469356062_photos.ubiflow.net_912794_469356062_photos_3.jpg_INSOON_EB_5512801818_20251011033618', 'url': 'https://file.bienici.com/photo/ag912794-469356062_photos.ubiflow.net_912794_469356062_photos_3.jpg_INSOON_EB_5512801818_20251011033618'}, {'url_photo': 'https://photos.ubiflow.net/912794/469356062/photos/4.jpg?INSOON_EB_5512801818_20251007022143', 'photo': 'ag912794-469356062_photos.ubiflow.net_912794_469356062_photos_4.jpg_INSOON_EB_5512801818_20251007022143', 'url': 'https://file.bienici.com/photo/ag912794-469356062_photos.ubiflow.net_912794_469356062_photos_4.jpg_INSOON_EB_5512801818_20251007022143'}, {'url_photo': 'https://photos.ubiflow.net/912794/469356062/photos/5.jpg?INSOON_EB_5512801818_20251029035010', 'photo': 'ag912794-469356062_photos.ubiflow.net_912794_469356062_photos_5.jpg_INSOON_EB_5512801818_20251029035010', 'url': 'https://file.bienici.com/photo/ag912794-469356062_photos.ubiflow.net_912794_469356062_photos_5.jpg_INSOON_EB_5512801818_20251029035010'}, {'url_photo': 'https://photos.ubiflow.net/912794/469356062/photos/6.jpg?INSOON_EB_5512801818_20251029035010', 'photo': 'ag912794-469356062_photos.ubiflow.net_912794_469356062_photos_6.jpg_INSOON_EB_5512801818_20251029035010', 'url': 'https://file.bienici.com/photo/ag912794-469356062_photos.ubiflow.net_912794_469356062_photos_6.jpg_INSOON_EB_5512801818_20251029035010'}, {'url_photo': 'https://photos.ubiflow.net/912794/469356062/photos/7.jpg?INSOON_EB_5512801818_20251029035010', 'photo': 'ag912794-469356062_photos.ubiflow.net_912794_469356062_photos_7.jpg_INSOON_EB_5512801818_20251029035010', 'url': 'https://file.bienici.com/photo/ag912794-469356062_photos.ubiflow.net_912794_469356062_photos_7.jpg_INSOON_EB_5512801818_20251029035010'}, {'url_photo': 'https://photos.ubiflow.net/912794/469356062/photos/8.jpg?INSOON_EB_5512801818_20251029035010', 'photo': 'ag912794-469356062_photos.ubiflow.net_912794_469356062_photos_8.jpg_INSOON_EB_5512801818_20251029035010', 'url': 'https://file.bienici.com/photo/ag912794-469356062_photos.ubiflow.net_912794_469356062_photos_8.jpg_INSOON_EB_5512801818_20251029035010'}, {'url_photo': 'https://photos.ubiflow.net/912794/469356062/photos/9.jpg?INSOON_EB_5512801818_20251029035010', 'photo': 'ag912794-469356062_photos.ubiflow.net_912794_469356062_photos_9.jpg_INSOON_EB_5512801818_20251029035010', 'url': 'https://file.bienici.com/photo/ag912794-469356062_photos.ubiflow.net_912794_469356062_photos_9.jpg_INSOON_EB_5512801818_20251029035010'}, {'url_photo': 'https://photos.ubiflow.net/912794/469356062/photos/10.jpg?INSOON_EB_5512801818_20251029035010', 'photo': 'ag912794-469356062_photos.ubiflow.net_912794_469356062_photos_10.jpg_INSOON_EB_5512801818_20251029035010', 'url': 'https://file.bienici.com/photo/ag912794-469356062_photos.ubiflow.net_912794_469356062_photos_10.jpg_INSOON_EB_5512801818_20251029035010'}, {'url_photo': 'https://photos.ubiflow.net/912794/469356062/photos/11.jpg?INSOON_EB_5512801818_20251029035010', 'photo': 'ag912794-469356062_photos.ubiflow.net_912794_469356062_photos_11.jpg_INSOON_EB_5512801818_20251029035010', 'url': 'https://file.bienici.com/photo/ag912794-469356062_photos.ubiflow.net_912794_469356062_photos_11.jpg_INSOON_EB_5512801818_20251029035010'}, {'url_photo': 'https://photos.ubiflow.net/912794/469356062/photos/12.jpg?INSOON_EB_5512801818_20251029035010', 'photo': 'ag912794-469356062_photos.ubiflow.net_912794_469356062_photos_12.jpg_INSOON_EB_5512801818_20251029035010', 'url': 'https://file.bienici.com/photo/ag912794-469356062_photos.ubiflow.net_912794_469356062_photos_12.jpg_INSOON_EB_5512801818_20251029035010'}, {'url_photo': 'https://photos.ubiflow.net/912794/469356062/photos/13.jpg?INSOON_EB_5512801818_20251029035010', 'photo': 'ag912794-469356062_photos.ubiflow.net_912794_469356062_photos_13.jpg_INSOON_EB_5512801818_20251029035010', 'url': 'https://file.bienici.com/photo/ag912794-469356062_photos.ubiflow.net_912794_469356062_photos_13.jpg_INSOON_EB_5512801818_20251029035010'}, {'url_photo': 'https://photos.ubiflow.net/912794/469356062/photos/14.jpg?INSOON_EB_5512801818_20251029035010', 'photo': 'ag912794-469356062_photos.ubiflow.net_912794_469356062_photos_14.jpg_INSOON_EB_5512801818_20251029035010', 'url': 'https://file.bienici.com/photo/ag912794-469356062_photos.ubiflow.net_912794_469356062_photos_14.jpg_INSOON_EB_5512801818_20251029035010'}, {'url_photo': 'https://photos.ubiflow.net/912794/469356062/photos/15.jpg?INSOON_EB_5512801818_20251029035010', 'photo': 'ag912794-469356062_photos.ubiflow.net_912794_469356062_photos_15.jpg_INSOON_EB_5512801818_20251029035010', 'url': 'https://file.bienici.com/photo/ag912794-469356062_photos.ubiflow.net_912794_469356062_photos_15.jpg_INSOON_EB_5512801818_20251029035010'}, {'url_photo': 'https://photos.ubiflow.net/912794/469356062/photos/16.jpg?INSOON_EB_5512801818_20251029035010', 'photo': 'ag912794-469356062_photos.ubiflow.net_912794_469356062_photos_16.jpg_INSOON_EB_5512801818_20251029035010', 'url': 'https://file.bienici.com/photo/ag912794-469356062_photos.ubiflow.net_912794_469356062_photos_16.jpg_INSOON_EB_5512801818_20251029035010'}, {'url_photo': 'https://photos.ubiflow.net/912794/469356062/photos/17.jpg?INSOON_EB_5512801818_20251029035010', 'photo': 'ag912794-469356062_photos.ubiflow.net_912794_469356062_photos_17.jpg_INSOON_EB_5512801818_20251029035010', 'url': 'https://file.bienici.com/photo/ag912794-469356062_photos.ubiflow.net_912794_469356062_photos_17.jpg_INSOON_EB_5512801818_20251029035010'}, {'url_photo': 'https://photos.ubiflow.net/912794/469356062/photos/18.jpg?INSOON_EB_5512801818_20251029035010', 'photo': 'ag912794-469356062_photos.ubiflow.net_912794_469356062_photos_18.jpg_INSOON_EB_5512801818_20251029035010', 'url': 'https://file.bienici.com/photo/ag912794-469356062_photos.ubiflow.net_912794_469356062_photos_18.jpg_INSOON_EB_5512801818_20251029035010'}]",79000,True,True,0,True,45,True,True,2468.75,45000,1031,False,buy,vente,False,0,deploye,False,False,brindimmo-1,True,[],2025-09-25T00:00:00.000Z,disk,50,"[1.906322441825007, 47.911438929206525, 1.907662673531815, 47.91233724710386]",47.911888088155195,1.906992557678411,47.911888088155195,1.906992557678411,[],300480,1,Orléans - Gare,Gare,45000,45234,300480,45234,45000,1,True,False,True,False,False,False,558bbfd06fbf04e50075bbce,['ubiflow-easybusiness-ag912794'],"['ubiflow-easybusiness-ag912794', 'contract-type-agency-efficiency-package', 'contract-type-agency-performance-package', '558bbfd06fbf04e50075bbce']",False,False,False,False,False,False,True,False,False,False
Orléans,45000,ag060811-464170748,buy,flat,830032037866,"Uniquement chez Corinne LASSERRE je vous propose de venir découvrir cet appartement de trois chambres situé au coeur d'un parc paysagé dans une résidence de standing parfaitement entretenue et au calme. Vous avez des enfants et souhaitez être rassuré grâce à un environnement entièrement sécurisé, la résidence possède un grand parc avec jeux. Idéalement située, à seulement 5' de la patinoire, du tramway avec accès direct à la place du Martroi et le centre ville  des bus direct pour la gare d'Orléans, de la place Dunois et ses commerces de proximité, tout est fait pour vivre une vie urbaine tout en étant loin des tumultes de la ville. Vous aimerez son exposition Sud-Est et sa luminosité. Son espace de vie de près de 40m2 avec une cuisine contemporaine semi-ouverte entièrement aménagée et équipée sur le séjour et son accès au balcon terrasse de plus de 8m2 pouvant accueillir 6/8 personnes pour des moments conviviaux. Toutes les huisseries sont en double vitrage (aluminium pour les baies vitrées et PVC) avec volets roulants électriques. L'accès à la résidence peut convenir pour des personnes à mobilité réduite par son absence de marche. Excellent rapport-qualité prix pour une installation rapide. Le ravalement avec Isolation thermique par l'extérieur vient d'être voté et sera pris en charge intégralement par l'actuel propriétaire ce qui confèrera un excellent classement énergétique à l'appartement à l'issue de ces travaux.  Nombre de lots de la copropriété: 162, Montant moyen de la quote-part annuelle de charges (budget prévisionnel) ((Syndic/Asc/Entre Espaces Verts/Gardien/Prov Eau froide) : 1900€ soit 158€ par mois. Les honoraires sont à la charge du vendeur.
Les informations sur les risques auxquels ce bien est exposé sont disponibles sur le site Géorisques : www.georisques.gouv.fr.

Contactez Corinne LASSERRE Entrepreneur Individuel, Agent commercial OptimHome (RSAC N°414 014 431 Greffe de ORLEANS) <span class=""importDescriptionDecorator"" data-type=""phone"">06 68 90 41 45</span> (réf. 581175 )","ORLEANS, secteur Faubourg Saint-Jean, beaumonts, Appartement de Trois chambres avec parking et balcon-terrasse en parfait état",1970-01-01T00:00:00.000Z,2025-11-19T20:27:24.106Z,False,mandatary,False,http://assets.digitregroup.io/optimhome/OPTIMHOME_BAREMES_2022-A.pdf,83,5,3,sud-est,1,True,1,True,True,False,False,10,1,True,2,True,True,2025-03-19,183,5,1180,1650,D,A,True,1899.96,162,True,seller,199500,"[{'url_photo': 'https://photos.ubiflow.net/60811/464170748/photos/1.jpg?INSOON_EB_5512801818_20250708171033', 'photo': 'ag060811-464170748_photos.ubiflow.net_60811_464170748_photos_1.jpg_INSOON_EB_5512801818_20250708171033', 'url': 'https://file.bienici.com/photo/ag060811-464170748_photos.ubiflow.net_60811_464170748_photos_1.jpg_INSOON_EB_5512801818_20250708171033'}, {'url_photo': 'https://photos.ubiflow.net/60811/464170748/photos/2.jpg?INSOON_EB_5512801818_20250708171033', 'photo': 'ag060811-464170748_photos.ubiflow.net_60811_464170748_photos_2.jpg_INSOON_EB_5512801818_20250708171033', 'url': 'https://file.bienici.com/photo/ag060811-464170748_photos.ubiflow.net_60811_464170748_photos_2.jpg_INSOON_EB_5512801818_20250708171033'}, {'url_photo': 'https://photos.ubiflow.net/60811/464170748/photos/3.jpg?INSOON_EB_5512801818_20250708171033', 'photo': 'ag060811-464170748_photos.ubiflow.net_60811_464170748_photos_3.jpg_INSOON_EB_5512801818_20250708171033', 'url': 'https://file.bienici.com/photo/ag060811-464170748_photos.ubiflow.net_60811_464170748_photos_3.jpg_INSOON_EB_5512801818_20250708171033'}, {'url_photo': 'https://photos.ubiflow.net/60811/464170748/photos/4.jpg?INSOON_EB_5512801818_20250708171033', 'photo': 'ag060811-464170748_photos.ubiflow.net_60811_464170748_photos_4.jpg_INSOON_EB_5512801818_20250708171033', 'url': 'https://file.bienici.com/photo/ag060811-464170748_photos.ubiflow.net_60811_464170748_photos_4.jpg_INSOON_EB_5512801818_20250708171033'}, {'url_photo': 'https://photos.ubiflow.net/60811/464170748/photos/5.jpg?INSOON_EB_5512801818_20250708171033', 'photo': 'ag060811-464170748_photos.ubiflow.net_60811_464170748_photos_5.jpg_INSOON_EB_5512801818_20250708171033', 'url': 'https://file.bienici.com/photo/ag060811-464170748_photos.ubiflow.net_60811_464170748_photos_5.jpg_INSOON_EB_5512801818_20250708171033'}, {'url_photo': 'https://photos.ubiflow.net/60811/464170748/photos/6.jpg?INSOON_EB_5512801818_20250708171033', 'photo': 'ag060811-464170748_photos.ubiflow.net_60811_464170748_photos_6.jpg_INSOON_EB_5512801818_20250708171033', 'url': 'https://file.bienici.com/photo/ag060811-464170748_photos.ubiflow.net_60811_464170748_photos_6.jpg_INSOON_EB_5512801818_20250708171033'}, {'url_photo': 'https://photos.ubiflow.net/60811/464170748/photos/7.jpg?INSOON_EB_5512801818_20250708171033', 'photo': 'ag060811-464170748_photos.ubiflow.net_60811_464170748_photos_7.jpg_INSOON_EB_5512801818_20250708171033', 'url': 'https://file.bienici.com/photo/ag060811-464170748_photos.ubiflow.net_60811_464170748_photos_7.jpg_INSOON_EB_5512801818_20250708171033'}, {'url_photo': 'https://photos.ubiflow.net/60811/464170748/photos/8.jpg?INSOON_EB_5512801818_20250708171033', 'photo': 'ag060811-464170748_photos.ubiflow.net_60811_464170748_photos_8.jpg_INSOON_EB_5512801818_20250708171033', 'url': 'https://file.bienici.com/photo/ag060811-464170748_photos.ubiflow.net_60811_464170748_photos_8.jpg_INSOON_EB_5512801818_20250708171033'}, {'url_photo': 'https://photos.ubiflow.net/60811/464170748/photos/9.jpg?INSOON_EB_5512801818_20250708171033', 'photo': 'ag060811-464170748_photos.ubiflow.net_60811_464170748_photos_9.jpg_INSOON_EB_5512801818_20250708171033', 'url': 'https://file.bienici.com/photo/ag060811-464170748_photos.ubiflow.net_60811_464170748_photos_9.jpg_INSOON_EB_5512801818_20250708171033'}, {'url_photo': 'https://photos.ubiflow.net/60811/464170748/photos/10.jpg?INSOON_EB_5512801818_20250708171033', 'photo': 'ag060811-464170748_photos.ubiflow.net_60811_464170748_photos_10.jpg_INSOON_EB_5512801818_20250708171033', 'url': 'https://file.bienici.com/photo/ag060811-464170748_photos.ubiflow.net_60811_464170748_photos_10.jpg_INSOON_EB_5512801818_20250708171033'}, {'url_photo': 'https://photos.ubiflow.net/60811/464170748/photos/11.jpg?INSOON_EB_5512801818_20250708171033', 'photo': 'ag060811-464170748_photos.ubiflow.net_60811_464170748_photos_11.jpg_INSOON_EB_5512801818_20250708171033', 'url': 'https://file.bienici.com/photo/ag060811-464170748_photos.ubiflow.net_60811_464170748_photos_11.jpg_INSOON_EB_5512801818_20250708171033'}, {'url_photo': 'https://photos.ubiflow.net/60811/464170748/photos/12.jpg?INSOON_EB_5512801818_20250708171033', 'photo': 'ag060811-464170748_photos.ubiflow.net_60811_464170748_photos_12.jpg_INSOON_EB_5512801818_20250708171033', 'url': 'https://file.bienici.com/photo/ag060811-464170748_photos.ubiflow.net_60811_464170748_photos_12.jpg_INSOON_EB_5512801818_20250708171033'}, {'url_photo': 'https://photos.ubiflow.net/60811/464170748/photos/13.jpg?INSOON_EB_5512801818_20250708171033', 'photo': 'ag060811-464170748_photos.ubiflow.net_60811_464170748_photos_13.jpg_INSOON_EB_5512801818_20250708171033', 'url': 'https://file.bienici.com/photo/ag060811-464170748_photos.ubiflow.net_60811_464170748_photos_13.jpg_INSOON_EB_5512801818_20250708171033'}, {'url_photo': 'https://photos.ubiflow.net/60811/464170748/photos/14.jpg?INSOON_EB_5512801818_20250708171033', 'photo': 'ag060811-464170748_photos.ubiflow.net_60811_464170748_photos_14.jpg_INSOON_EB_5512801818_20250708171033', 'url': 'https://file.bienici.com/photo/ag060811-464170748_photos.ubiflow.net_60811_464170748_photos_14.jpg_INSOON_EB_5512801818_20250708171033'}, {'url_photo': 'https://photos.ubiflow.net/60811/464170748/photos/15.jpg?INSOON_EB_5512801818_20250708171033', 'photo': 'ag060811-464170748_photos.ubiflow.net_60811_464170748_photos_15.jpg_INSOON_EB_5512801818_20250708171033', 'url': 'https://file.bienici.com/photo/ag060811-464170748_photos.ubiflow.net_60811_464170748_photos_15.jpg_INSOON_EB_5512801818_20250708171033'}, {'url_photo': 'https://photos.ubiflow.net/60811/464170748/photos/16.jpg?INSOON_EB_5512801818_20250708171033', 'photo': 'ag060811-464170748_photos.ubiflow.net_60811_464170748_photos_16.jpg_INSOON_EB_5512801818_20250708171033', 'url': 'https://file.bienici.com/photo/ag060811-464170748_photos.ubiflow.net_60811_464170748_photos_16.jpg_INSOON_EB_5512801818_20250708171033'}, {'url_photo': 'https://photos.ubiflow.net/60811/464170748/photos/17.jpg?INSOON_EB_5512801818_20250708171033', 'photo': 'ag060811-464170748_photos.ubiflow.net_60811_464170748_photos_17.jpg_INSOON_EB_5512801818_20250708171033', 'url': 'https://file.bienici.com/photo/ag060811-464170748_photos.ubiflow.net_60811_464170748_photos_17.jpg_INSOON_EB_5512801818_20250708171033'}, {'url_photo': 'https://photos.ubiflow.net/60811/464170748/photos/18.jpg?INSOON_EB_5512801818_20250708171033', 'photo': 'ag060811-464170748_photos.ubiflow.net_60811_464170748_photos_18.jpg_INSOON_EB_5512801818_20250708171033', 'url': 'https://file.bienici.com/photo/ag060811-464170748_photos.ubiflow.net_60811_464170748_photos_18.jpg_INSOON_EB_5512801818_20250708171033'}, {'url_photo': 'https://photos.ubiflow.net/60811/464170748/photos/19.jpg?INSOON_EB_5512801818_20250708171033', 'photo': 'ag060811-464170748_photos.ubiflow.net_60811_464170748_photos_19.jpg_INSOON_EB_5512801818_20250708171033', 'url': 'https://file.bienici.com/photo/ag060811-464170748_photos.ubiflow.net_60811_464170748_photos_19.jpg_INSOON_EB_5512801818_20250708171033'}, {'url_photo': 'https://photos.ubiflow.net/60811/464170748/photos/20.jpg?INSOON_EB_5512801818_20250708171033', 'photo': 'ag060811-464170748_photos.ubiflow.net_60811_464170748_photos_20.jpg_INSOON_EB_5512801818_20250708171033', 'url': 'https://file.bienici.com/photo/ag060811-464170748_photos.ubiflow.net_60811_464170748_photos_20.jpg_INSOON_EB_5512801818_20250708171033'}, {'url_photo': 'https://photos.ubiflow.net/60811/464170748/photos/21.jpg?INSOON_EB_5512801818_20250708171033', 'photo': 'ag060811-464170748_photos.ubiflow.net_60811_464170748_photos_21.jpg_INSOON_EB_5512801818_20250708171033', 'url': 'https://file.bienici.com/photo/ag060811-464170748_photos.ubiflow.net_60811_464170748_photos_21.jpg_INSOON_EB_5512801818_20250708171033'}, {'url_photo': 'https://photos.ubiflow.net/60811/464170748/photos/22.jpg?INSOON_EB_5512801818_20250708171033', 'photo': 'ag060811-464170748_photos.ubiflow.net_60811_464170748_photos_22.jpg_INSOON_EB_5512801818_20250708171033', 'url': 'https://file.bienici.com/photo/ag060811-464170748_photos.ubiflow.net_60811_464170748_photos_22.jpg_INSOON_EB_5512801818_20250708171033'}]",199500,True,True,électricité,45,True,True,2403.614457831325,45000,1964,False,buy,vente,False,0,False,False,True,True,[],2025-09-25T00:00:00.000Z,disk,50,"[1.886600973177452, 47.90524368880875, 1.887941026603594, 47.90614200670581]",47.90569284775728,1.887270999890523,47.90569284775728,1.887270999890523,[],300473,1,Orléans - Faubourg Saint-Jean,Faubourg Saint-Jean,45000,45234,300473,45234,45000,1,True,False,True,False,False,False,558bbfd06fbf04e50075bbce,['ubiflow-easybusiness-ag060811-972'],"['ubiflow-easybusiness-ag060811-972', 'ubiflow-easybusiness-ag060811', '5f3bacb2b46a5f00b5b5fc6d', 'contract-type-mandatary', '558bbfd06fbf04e50075bbce']",False,False,False,False,False,False,True,False,False,False
Orléans,45000,True,netty-company52632quc-house-268,buy,house,2813-COTELOIRE45,"ORLEANS - EXCLUSIVITÉ COTE LOIRE à 10 / 12 minutes à pied de la PLACE DUNOIS<br>Belle maison de ville début XX ème (1930) de 156 m2 au sol (135 m2 habitable) sur un beau terrain de 785 m2. Jardin arboré et clos.<br>Grand salon / salle à manger de 40 m2 avec beaux parquets chêne, cheminée avec insert polyflamme.<br>Quatre chambres dont une suite parentale complète en rez-de-chaussée - Un bureau - Deux salles de bains / eau - Deux WC.<br>Plusieurs petites dépendances dans le jardin dont buanderie, atelier.<br>Grande cave de 35 m2 en sous-sol.<br>Grand garage avec ouverture sur rue - Plusieurs places de parking avec portail automatisé.<br>Chauffage individuel gaz - Double vitrage - Diagnostics gaz et électricité : Pas d'anomalie.<br>Proximité à pied de nombreux commerces, commodités, écoles publiques et privées notamment ceux de la place Dunois à une dizaine de minutes.<br>Attention : Certaines photos ont été améliorées par l'IA pour faciliter la projection sur une modernisation intérieure ou extérieure.<br>Les informations sur les risques auxquels ce bien est exposé sont disponibles sur le site Géorisques http://www.georisques.gouv.fr<br>Notre nouveau site internet : <span class=""importDescriptionDecorator"" data-url=""www.immobiliercoteloire.fr"" data-type=""basicUrl"">www.immobiliercoteloire.fr</span> ou contacter Pierre THIBAUD au <span class=""importDescriptionDecorator"" data-type=""phone"">06.14.47.34.74</span><br>Honoraires inclus de  3.8% TTC  à la charge de l'acquéreur. Prix hors honoraires 500 000 €. Classe énergie D, Classe climat D Montant estimé des dépenses annuelles d'énergie pour un usage standard : entre 2040.00 € et 2880.00 € sur les années 2021, 2022 et 2023 (abonnements compris). Les informations sur les risques auxquels ce bien est exposé sont disponibles sur le site Géorisques : georisques.gouv.fr. <br>",Maison à vendre Orléans,1970-01-01T00:00:00.000Z,2025-11-24T09:15:59.525Z,False,"[{'url': 'https://player.previsite.net/video/DE90D08361224D7594D6E9B9EABF0116', 'previewImageUrl': 'https://player.previsite.net/image/DE90D08361224D7594D6E9B9EABF0116.jpg', 'type': 'video', 'highlighted': True, 'accepted': True, 'https': True, 'size': 'responsive', 'mobileSupport': True, 'id': 'netty-company52632quc-house-268_virtualTour_0'}]",agency,False,519000,3.8,156.37,785,5,2,False,True,"[{'title': 'Salon modernisé IA', 'url_photo': 'https://img.netty.immo/product/company52632quc/VM268/1761558804_VM268_21_original.jpg', 'photo': 'netty-company52632quc-house-268_img.netty.immo_product_company52632quc_VM268_1761558804_VM268_21_original.jpg', 'url': 'https://file.bienici.com/photo/netty-company52632quc-house-268_img.netty.immo_product_company52632quc_VM268_1761558804_VM268_21_original.jpg'}, {'title': 'Salon actuel', 'url_photo': 'https://img.netty.immo/product/company52632quc/VM268/1734021827_VM268_6_original.jpg', 'photo': 'netty-company52632quc-house-268_img.netty.immo_product_company52632quc_VM268_1734021827_VM268_6_original.jpg', 'url': 'https://file.bienici.com/photo/netty-company52632quc-house-268_img.netty.immo_product_company52632quc_VM268_1734021827_VM268_6_original.jpg'}, {'title': 'Façade actuelle', 'url_photo': 'https://img.netty.immo/product/company52632quc/VM268/1734021834_VM268_12_original.jpg', 'photo': 'netty-company52632quc-house-268_img.netty.immo_product_company52632quc_VM268_1734021834_VM268_12_original.jpg', 'url': 'https://file.bienici.com/photo/netty-company52632quc-house-268_img.netty.immo_product_company52632quc_VM268_1734021834_VM268_12_original.jpg'}, {'title': 'Façade rue modifiée IA', 'url_photo': 'https://img.netty.immo/product/company52632quc/VM268/1761558803_VM268_19_original.jpg', 'photo': 'netty-company52632quc-house-268_img.netty.immo_product_company52632quc_VM268_1761558803_VM268_19_original.jpg', 'url': 'https://file.bienici.com/photo/netty-company52632quc-house-268_img.netty.immo_product_company52632quc_VM268_1761558803_VM268_19_original.jpg'}, {'title': 'Façade jardin modifiée IA', 'url_photo': 'https://img.netty.immo/product/company52632quc/VM268/1761558804_VM268_20_original.jpg', 'photo': 'netty-company52632quc-house-268_img.netty.immo_product_company52632quc_VM268_1761558804_VM268_20_original.jpg', 'url': 'https://file.bienici.com/photo/netty-company52632quc-house-268_img.netty.immo_product_company52632quc_VM268_1761558804_VM268_20_original.jpg'}, {'title': 'Situation actuelle', 'url_photo': 'https://img.netty.immo/product/company52632quc/VM268/1734021831_VM268_9_original.jpg', 'photo': 'netty-company52632quc-house-268_img.netty.immo_product_company52632quc_VM268_1734021831_VM268_9_original.jpg', 'url': 'https://file.bienici.com/photo/netty-company52632quc-house-268_img.netty.immo_product_company52632quc_VM268_1734021831_VM268_9_original.jpg'}, {'title': 'Cuisine modernisée IA', 'url_photo': 'https://img.netty.immo/product/company52632quc/VM268/1761558803_VM268_18_original.jpg', 'photo': 'netty-company52632quc-house-268_img.netty.immo_product_company52632quc_VM268_1761558803_VM268_18_original.jpg', 'url': 'https://file.bienici.com/photo/netty-company52632quc-house-268_img.netty.immo_product_company52632quc_VM268_1761558803_VM268_18_original.jpg'}, {'title': 'Vue actuelle jardin', 'url_photo': 'https://img.netty.immo/product/company52632quc/VM268/1747925881_VM268_17_original.jpg', 'photo': 'netty-company52632quc-house-268_img.netty.immo_product_company52632quc_VM268_1747925881_VM268_17_original.jpg', 'url': 'https://file.bienici.com/photo/netty-company52632quc-house-268_img.netty.immo_product_company52632quc_VM268_1747925881_VM268_17_original.jpg'}, {'title': 'Proposition vue jardin IA', 'url_photo': 'https://img.netty.immo/product/company52632quc/VM268/1761559877_VM268_23_original.jpg', 'photo': 'netty-company52632quc-house-268_img.netty.immo_product_company52632quc_VM268_1761559877_VM268_23_original.jpg', 'url': 'https://file.bienici.com/photo/netty-company52632quc-house-268_img.netty.immo_product_company52632quc_VM268_1761559877_VM268_23_original.jpg'}, {'url_photo': 'https://img.netty.immo/product/company52632quc/VM268/1747925879_VM268_16_original.jpg', 'photo': 'netty-company52632quc-house-268_img.netty.immo_product_company52632quc_VM268_1747925879_VM268_16_original.jpg', 'url': 'https://file.bienici.com/photo/netty-company52632quc-house-268_img.netty.immo_product_company52632quc_VM268_1747925879_VM268_16_original.jpg'}, {'url_photo': 'https://img.netty.immo/product/company52632quc/VM268/1761559876_VM268_22_original.jpg', 'photo': 'netty-company52632quc-house-268_img.netty.immo_product_company52632quc_VM268_1761559876_VM268_22_original.jpg', 'url': 'https://file.bienici.com/photo/netty-company52632quc-house-268_img.netty.immo_product_company52632quc_VM268_1761559876_VM268_22_original.jpg'}, {'url_photo': 'https://img.netty.immo/product/company52632quc/VM268/1747925877_VM268_15_original.jpg', 'photo': 'netty-company52632quc-house-268_img.netty.immo_product_company52632quc_VM268_1747925877_VM268_15_original.jpg', 'url': 'https://file.bienici.com/photo/netty-company52632quc-house-268_img.netty.immo_product_company52632quc_VM268_1747925877_VM268_15_original.jpg'}, {'url_photo': 'https://img.netty.immo/product/company52632quc/VM268/1761559877_VM268_24_original.jpg', 'photo': 'netty-company52632quc-house-268_img.netty.immo_product_company52632quc_VM268_1761559877_VM268_24_original.jpg', 'url': 'https://file.bienici.com/photo/netty-company52632quc-house-268_img.netty.immo_product_company52632quc_VM268_1761559877_VM268_24_original.jpg'}, {'url_photo': 'https://img.netty.immo/product/company52632quc/VM268/1734021826_VM268_5_original.jpg', 'photo': 'netty-company52632quc-house-268_img.netty.immo_product_company52632quc_VM268_1734021826_VM268_5_original.jpg', 'url': 'https://file.bienici.com/photo/netty-company52632quc-house-268_img.netty.immo_product_company52632quc_VM268_1734021826_VM268_5_original.jpg'}, {'url_photo': 'https://img.netty.immo/product/company52632quc/VM268/1734021833_VM268_11_original.jpg', 'photo': 'netty-company52632quc-house-268_img.netty.immo_product_company52632quc_VM268_1734021833_VM268_11_original.jpg', 'url': 'https://file.bienici.com/photo/netty-company52632quc-house-268_img.netty.immo_product_company52632quc_VM268_1734021833_VM268_11_original.jpg'}, {'url_photo': 'https://img.netty.immo/product/company52632quc/VM268/1734021823_VM268_2_original.jpg', 'photo': 'netty-company52632quc-house-268_img.netty.immo_product_company52632quc_VM268_1734021823_VM268_2_original.jpg', 'url': 'https://file.bienici.com/photo/netty-company52632quc-house-268_img.netty.immo_product_company52632quc_VM268_1734021823_VM268_2_original.jpg'}, {'url_photo': 'https://img.netty.immo/product/company52632quc/VM268/1734021832_VM268_10_original.jpg', 'photo': 'netty-company52632quc-house-268_img.netty.immo_product_company52632quc_VM268_1734021832_VM268_10_original.jpg', 'url': 'https://file.bienici.com/photo/netty-company52632quc-house-268_img.netty.immo_product_company52632quc_VM268_1734021832_VM268_10_original.jpg'}, {'url_photo': 'https://img.netty.immo/product/company52632quc/VM268/1734021824_VM268_3_original.jpg', 'photo': 'netty-company52632quc-house-268_img.netty.immo_product_company52632quc_VM268_1734021824_VM268_3_original.jpg', 'url': 'https://file.bienici.com/photo/netty-company52632quc-house-268_img.netty.immo_product_company52632quc_VM268_1734021824_VM268_3_original.jpg'}, {'url_photo': 'https://img.netty.immo/product/company52632quc/VM268/1734021825_VM268_4_original.jpg', 'photo': 'netty-company52632quc-house-268_img.netty.immo_product_company52632quc_VM268_1734021825_VM268_4_original.jpg', 'url': 'https://file.bienici.com/photo/netty-company52632quc-house-268_img.netty.immo_product_company52632quc_VM268_1734021825_VM268_4_original.jpg'}]",False,200,D,33,D,False,False,purchaser,500000,https://files.netty.immo/file/company52632quc/164/fJ49C/honoraires_cote_loire_2025_2.pdf,2024-11-06,True,2040,2880,4,True,True,2021-01-01,45,False,True,3197.544285988361,45000,1633,False,buy,vente,False,0,False,False,cote-loire-1698151148041,True,[],2025-09-25T00:00:00.000Z,disk,50,"[1.8772619058245266, 47.898089461423815, 1.8786017768701881, 47.89898777932044]",47.89853862037213,1.8779318413473574,47.89853862037213,1.8779318413473574,300471,1,Orléans - La Madeleine - Saint-Laurent,La Madeleine - Saint-Laurent,45000,45234,300471,45234,45000,1,True,False,True,True,False,False,643eb01ff69fb300b6dd4eaf,['netty-company52632quc'],"['netty-company52632quc', '643eb01ff69fb300b6dd4eaf', 'contract-type-agency-package', 'extension-boost']",False,False,False,False,False,False,True,False,False,False,[]
