city,postalCode,id,adType,propertyType,reference,description,title,publicationDate,modificationDate,newProperty,accountType,isBienIciExclusive,photoWatermarkAlias,accountDisplayName,surfaceArea,roomsQuantity,bedroomsQuantity,bathroomsQuantity,hasTerrace,toiletQuantity,hasPool,floorQuantity,floor,isDisabledPeopleFriendly,energyPerformanceDiagnosticDate,energyValue,greenhouseGazValue,minEnergyConsumption,maxEnergyConsumption,energyClassification,isInCondominium,condominiumPartsQuantity,isExclusiveSaleMandate,feesChargedTo,priceWithoutFees,photos,price,greenhouseGazClassification,useJuly2021EnergyPerformanceDiagnostic,adCreatedByPro,heating,departmentCode,addressKnown,displayDistrictName,pricePerSquareMeter,postalCodeForSearchFilters,descriptionTextLength,priceHasDecreased,transactionType,adTypeFR,with3dModel,endOfPromotedAsExclusive,opticalFiberStatus,nothingBehindForm,highlightMailContact,customerId,displayInsuranceEstimation,needVirtualTour,phoneDisplays,blurInfo.type,blurInfo.bbox,blurInfo.origin,blurInfo.position.lat,blurInfo.position.lon,blurInfo.centroid.lat,blurInfo.centroid.lon,chargingStations.providers,district.id_polygone,district.id_type,district.name,district.libelle,district.cp,district.code_insee,district.id,district.insee_code,district.postal_code,district.type_id,status.onTheMarket,status.closedByUser,status.autoImported,status.isLeading,status.highlighted,status.is3dHighlighted,userRelativeData.importAccountId,userRelativeData.accountIds,userRelativeData.searchAccountIds,userRelativeData.isAdmin,userRelativeData.isAdModifier,userRelativeData.canSetAsFeatured,userRelativeData.canSeeExactPosition,userRelativeData.canSeeAddress,userRelativeData.canSeeStats,userRelativeData.canOpenAdDetail,userRelativeData.canSeeRealDates,userRelativeData.canSeePublicationCertificateHtml,userRelativeData.canSeePublicationCertificatePdf,yearOfConstruction,virtualTours,hasGarage,showerRoomsQuantity,hasFirePlace,hasSeparateToilet,averageAnnualEnergyConsumption,energySimulationReferenceDate,gardenSurfaceArea,exposition,landSurfaceArea,parkingPlacesQuantity,isCondominiumInProcedure,agencyFeeUrl,epdFinalEnergyConsumption,hasGarden,thresholdDate,terraceSurfaceArea,hasElevator,hasCellar,hasIntercom,hasCaretaker,hasAlarm,hasAirConditioning,with360,terracesQuantity,agencyFeePercentage
Allos,04260,ag065872-491740973,buy,flat,26-434,"Venez découvrir ce sublime appartement familial au 4ème et dernier étage d'un immeuble ayant l'esprit chalet des sports d'hiver. Sa grande terrasse vue dégagée sur la montagne et sur le village vous permettra de profiter de la station été comme hiver.

Composé d'un grand séjour et de 3 chambres proposants 8 couchages au total cet appartement aux murs en bois est un réel coup de cœur. Côté pratique il comprend une grande cuisine, deux salles de bain et deux WC séparés ainsi que de nombreux rangements.

Anciennement il était composé de deux lots, ce qui permet d'avoir deux entrées séparées pour la location ou simplement l'intimité.

Situé au sein d'une copropriété bien habitée : la plupart des appartements sont occupés par des propriétaires, l'appartement est complété par une cave ainsi qu'un double local à ski, un parking gratuit en face permet de trouver de la place facilement.

Charges : 391 euros/mois (comprend eau chaude, froide, chauffage, fonds de travaux et parties communes)
Taxe foncière 1180 euros",Charmant appartement avec extérieur au milieu des montagnes,2025-10-02T11:44:22.013Z,2025-11-08T08:18:05.144Z,False,agency,False,b02373af-9441-492d-8cf4-e72a126e8437,Maison Massena - Collectif Immobilier,78.0,4,3,2.0,True,1,False,5.0,4.0,False,2022-02-18,222,69,1360.0,1900.0,NS,True,35.0,True,seller,275000.0,"[{'url_photo': 'https://photos.ubiflow.net/65872/491740973/photos/1.jpg?INSOON_EB_5512801818_20251002124721', 'photo': 'ag065872-491740973_photos.ubiflow.net_65872_491740973_photos_1.jpg_INSOON_EB_5512801818_20251002124721', 'url': 'https://file.bienici.com/photo/ag065872-491740973_photos.ubiflow.net_65872_491740973_photos_1.jpg_INSOON_EB_5512801818_20251002124721'}, {'url_photo': 'https://photos.ubiflow.net/65872/491740973/photos/2.jpg?INSOON_EB_5512801818_20251002124721', 'photo': 'ag065872-491740973_photos.ubiflow.net_65872_491740973_photos_2.jpg_INSOON_EB_5512801818_20251002124721', 'url': 'https://file.bienici.com/photo/ag065872-491740973_photos.ubiflow.net_65872_491740973_photos_2.jpg_INSOON_EB_5512801818_20251002124721'}, {'url_photo': 'https://photos.ubiflow.net/65872/491740973/photos/3.jpg?INSOON_EB_5512801818_20251002124721', 'photo': 'ag065872-491740973_photos.ubiflow.net_65872_491740973_photos_3.jpg_INSOON_EB_5512801818_20251002124721', 'url': 'https://file.bienici.com/photo/ag065872-491740973_photos.ubiflow.net_65872_491740973_photos_3.jpg_INSOON_EB_5512801818_20251002124721'}, {'url_photo': 'https://photos.ubiflow.net/65872/491740973/photos/4.jpg?INSOON_EB_5512801818_20251002124721', 'photo': 'ag065872-491740973_photos.ubiflow.net_65872_491740973_photos_4.jpg_INSOON_EB_5512801818_20251002124721', 'url': 'https://file.bienici.com/photo/ag065872-491740973_photos.ubiflow.net_65872_491740973_photos_4.jpg_INSOON_EB_5512801818_20251002124721'}, {'url_photo': 'https://photos.ubiflow.net/65872/491740973/photos/5.jpg?INSOON_EB_5512801818_20251002124721', 'photo': 'ag065872-491740973_photos.ubiflow.net_65872_491740973_photos_5.jpg_INSOON_EB_5512801818_20251002124721', 'url': 'https://file.bienici.com/photo/ag065872-491740973_photos.ubiflow.net_65872_491740973_photos_5.jpg_INSOON_EB_5512801818_20251002124721'}, {'url_photo': 'https://photos.ubiflow.net/65872/491740973/photos/6.jpg?INSOON_EB_5512801818_20251002124721', 'photo': 'ag065872-491740973_photos.ubiflow.net_65872_491740973_photos_6.jpg_INSOON_EB_5512801818_20251002124721', 'url': 'https://file.bienici.com/photo/ag065872-491740973_photos.ubiflow.net_65872_491740973_photos_6.jpg_INSOON_EB_5512801818_20251002124721'}, {'url_photo': 'https://photos.ubiflow.net/65872/491740973/photos/7.jpg?INSOON_EB_5512801818_20251002124721', 'photo': 'ag065872-491740973_photos.ubiflow.net_65872_491740973_photos_7.jpg_INSOON_EB_5512801818_20251002124721', 'url': 'https://file.bienici.com/photo/ag065872-491740973_photos.ubiflow.net_65872_491740973_photos_7.jpg_INSOON_EB_5512801818_20251002124721'}, {'url_photo': 'https://photos.ubiflow.net/65872/491740973/photos/8.jpg?INSOON_EB_5512801818_20251002124721', 'photo': 'ag065872-491740973_photos.ubiflow.net_65872_491740973_photos_8.jpg_INSOON_EB_5512801818_20251002124721', 'url': 'https://file.bienici.com/photo/ag065872-491740973_photos.ubiflow.net_65872_491740973_photos_8.jpg_INSOON_EB_5512801818_20251002124721'}, {'url_photo': 'https://photos.ubiflow.net/65872/491740973/photos/9.jpg?INSOON_EB_5512801818_20251002124721', 'photo': 'ag065872-491740973_photos.ubiflow.net_65872_491740973_photos_9.jpg_INSOON_EB_5512801818_20251002124721', 'url': 'https://file.bienici.com/photo/ag065872-491740973_photos.ubiflow.net_65872_491740973_photos_9.jpg_INSOON_EB_5512801818_20251002124721'}, {'url_photo': 'https://photos.ubiflow.net/65872/491740973/photos/10.jpg?INSOON_EB_5512801818_20251002124721', 'photo': 'ag065872-491740973_photos.ubiflow.net_65872_491740973_photos_10.jpg_INSOON_EB_5512801818_20251002124721', 'url': 'https://file.bienici.com/photo/ag065872-491740973_photos.ubiflow.net_65872_491740973_photos_10.jpg_INSOON_EB_5512801818_20251002124721'}, {'url_photo': 'https://photos.ubiflow.net/65872/491740973/photos/11.jpg?INSOON_EB_5512801818_20251002124721', 'photo': 'ag065872-491740973_photos.ubiflow.net_65872_491740973_photos_11.jpg_INSOON_EB_5512801818_20251002124721', 'url': 'https://file.bienici.com/photo/ag065872-491740973_photos.ubiflow.net_65872_491740973_photos_11.jpg_INSOON_EB_5512801818_20251002124721'}, {'url_photo': 'https://photos.ubiflow.net/65872/491740973/photos/12.jpg?INSOON_EB_5512801818_20251002124721', 'photo': 'ag065872-491740973_photos.ubiflow.net_65872_491740973_photos_12.jpg_INSOON_EB_5512801818_20251002124721', 'url': 'https://file.bienici.com/photo/ag065872-491740973_photos.ubiflow.net_65872_491740973_photos_12.jpg_INSOON_EB_5512801818_20251002124721'}, {'url_photo': 'https://photos.ubiflow.net/65872/491740973/photos/13.jpg?INSOON_EB_5512801818_20251002124721', 'photo': 'ag065872-491740973_photos.ubiflow.net_65872_491740973_photos_13.jpg_INSOON_EB_5512801818_20251002124721', 'url': 'https://file.bienici.com/photo/ag065872-491740973_photos.ubiflow.net_65872_491740973_photos_13.jpg_INSOON_EB_5512801818_20251002124721'}, {'url_photo': 'https://photos.ubiflow.net/65872/491740973/photos/14.jpg?INSOON_EB_5512801818_20251002124721', 'photo': 'ag065872-491740973_photos.ubiflow.net_65872_491740973_photos_14.jpg_INSOON_EB_5512801818_20251002124721', 'url': 'https://file.bienici.com/photo/ag065872-491740973_photos.ubiflow.net_65872_491740973_photos_14.jpg_INSOON_EB_5512801818_20251002124721'}, {'url_photo': 'https://photos.ubiflow.net/65872/491740973/photos/15.jpg?INSOON_EB_5512801818_20251002124721', 'photo': 'ag065872-491740973_photos.ubiflow.net_65872_491740973_photos_15.jpg_INSOON_EB_5512801818_20251002124721', 'url': 'https://file.bienici.com/photo/ag065872-491740973_photos.ubiflow.net_65872_491740973_photos_15.jpg_INSOON_EB_5512801818_20251002124721'}]",275000,NS,True,True,fuel,04,True,True,3525.641025641026,04260,1020,False,buy,vente,False,0,deploye,False,False,kw-massena,True,True,[],exact,"[6.566598, 44.29199799999999, 6.566598, 44.29199800000001]",accounts,44.291998,6.566598,44.291998,6.566598,[],4006,2,Allos,Allos,04260,04006,4006,04006,04260,2,True,False,True,False,True,False,558bbfd06fbf04e50075bbce,['ubiflow-easybusiness-ag065872'],"['ubiflow-easybusiness-ag065872', 'contract-type-agency-efficiency-package', 'contract-type-agency-performance-package', '558bbfd06fbf04e50075bbce']",False,False,False,False,False,False,True,False,False,False,,,,,,,,,,,,,,,,,,,,,,,,,,,
Castellane,04120,gedeon-31943060,buy,house,1395,"CASTELLANE - Idéalement située à deux pas du Lac de Castillon, dans un environnement calme et préservé, cette élégante villa orientée Sud-Ouest vous séduira par son confort, ses prestations haut de gamme et son cadre exceptionnel.
✨ Caractéristiques principales : Surface habitable : env. 89 m² (villa + studio indépendant), Terrain : 926 m² entièrement clôturé, arboré (Cyprès Florentin, Oliviers) et paysagé, Séjour lumineux de 36 m² avec cuisine équipée, salon/salle à manger et cheminée, 1 chambre principale avec salle de douche et accès terrasse, 2 chambres supplémentaires avec placards intégrés, 1 salle de bain avec WC + 1 WC indépendant, Terrasses, dont une couverte de 9 m², Studio indépendant de 16 m² adapté aux personnes à mobilité réduite avec salle de douche, parfait pour recevoir ou pour de la location saisonnière.
️ Équipements & prestations : Gros meubles inclus (machine à laver, sèche-linge, cuisinière piano, mobilier de jardin, appareils de musculation…), Chauffage au sol – Menuiseries bois double vitrage, Système d’alarme & caméras de surveillance, Garage fermé de 20 m², Pergolas en fer forgé – espace jeu de boules, Terrasse pavée aménagée avec mobilier de jardin, Piscine 9 x 4 m avec pompe à chaleur et rideau roulant immergé, Jacuzzi, Fontaine.
 Un cadre unique :
À seulement 2 minutes des eaux turquoise du lac, la villa bénéficie d’une localisation privilégiée, proche des commerces et commodités de Castellane.
Un véritable havre de paix, idéal en résidence principale comme secondaire, pour les amoureux de la nature, du confort et de la tranquillité.
 Localisation rare : calme, nature et loisirs nautiques à portée de main.
 Contactez-nous dès maintenant pour organiser une visite et découvrir tout le charme de cette propriété unique.","Villa de standing avec piscine, jacuzzi, studio PMR, à proximité du lac de Castillon",2025-09-29T16:29:20.832Z,2025-11-21T06:06:38.506Z,False,agency,False,gedeon-CASTELLA-04120_LOGO_media.studio-net.fr_agency-logo_55555-6560b4358d16b,CASTELLANE IMMOBILIER,89.0,4,3,1.0,True,2,True,,,True,2025-09-25,225,7,1540.0,2120.0,D,,,True,seller,,"[{'url_photo': 'https://media.studio-net.fr/biens/31943060/68daad857f4bb', 'photo': 'gedeon-31943060_media.studio-net.fr_biens_31943060_68daad857f4bb', 'url': 'https://file.bienici.com/photo/gedeon-31943060_media.studio-net.fr_biens_31943060_68daad857f4bb'}, {'url_photo': 'https://media.studio-net.fr/biens/31943060/68daad8ed87ca', 'photo': 'gedeon-31943060_media.studio-net.fr_biens_31943060_68daad8ed87ca', 'url': 'https://file.bienici.com/photo/gedeon-31943060_media.studio-net.fr_biens_31943060_68daad8ed87ca'}, {'url_photo': 'https://media.studio-net.fr/biens/31943060/68daad9f68f61', 'photo': 'gedeon-31943060_media.studio-net.fr_biens_31943060_68daad9f68f61', 'url': 'https://file.bienici.com/photo/gedeon-31943060_media.studio-net.fr_biens_31943060_68daad9f68f61'}, {'url_photo': 'https://media.studio-net.fr/biens/31943060/68daadbc8bba9', 'photo': 'gedeon-31943060_media.studio-net.fr_biens_31943060_68daadbc8bba9', 'url': 'https://file.bienici.com/photo/gedeon-31943060_media.studio-net.fr_biens_31943060_68daadbc8bba9'}, {'url_photo': 'https://media.studio-net.fr/biens/31943060/68daad970dbce', 'photo': 'gedeon-31943060_media.studio-net.fr_biens_31943060_68daad970dbce', 'url': 'https://file.bienici.com/photo/gedeon-31943060_media.studio-net.fr_biens_31943060_68daad970dbce'}, {'url_photo': 'https://media.studio-net.fr/biens/31943060/68daae0216475', 'photo': 'gedeon-31943060_media.studio-net.fr_biens_31943060_68daae0216475', 'url': 'https://file.bienici.com/photo/gedeon-31943060_media.studio-net.fr_biens_31943060_68daae0216475'}, {'url_photo': 'https://media.studio-net.fr/biens/31943060/68daae15a33f5', 'photo': 'gedeon-31943060_media.studio-net.fr_biens_31943060_68daae15a33f5', 'url': 'https://file.bienici.com/photo/gedeon-31943060_media.studio-net.fr_biens_31943060_68daae15a33f5'}, {'url_photo': 'https://media.studio-net.fr/biens/31943060/68daae2198f81', 'photo': 'gedeon-31943060_media.studio-net.fr_biens_31943060_68daae2198f81', 'url': 'https://file.bienici.com/photo/gedeon-31943060_media.studio-net.fr_biens_31943060_68daae2198f81'}, {'url_photo': 'https://media.studio-net.fr/biens/31943060/68daae8087a57', 'photo': 'gedeon-31943060_media.studio-net.fr_biens_31943060_68daae8087a57', 'url': 'https://file.bienici.com/photo/gedeon-31943060_media.studio-net.fr_biens_31943060_68daae8087a57'}, {'url_photo': 'https://media.studio-net.fr/biens/31943060/68daae2a25a4c', 'photo': 'gedeon-31943060_media.studio-net.fr_biens_31943060_68daae2a25a4c', 'url': 'https://file.bienici.com/photo/gedeon-31943060_media.studio-net.fr_biens_31943060_68daae2a25a4c'}, {'url_photo': 'https://media.studio-net.fr/biens/31943060/68daae3260e76', 'photo': 'gedeon-31943060_media.studio-net.fr_biens_31943060_68daae3260e76', 'url': 'https://file.bienici.com/photo/gedeon-31943060_media.studio-net.fr_biens_31943060_68daae3260e76'}, {'url_photo': 'https://media.studio-net.fr/biens/31943060/68daae3dec15c', 'photo': 'gedeon-31943060_media.studio-net.fr_biens_31943060_68daae3dec15c', 'url': 'https://file.bienici.com/photo/gedeon-31943060_media.studio-net.fr_biens_31943060_68daae3dec15c'}, {'url_photo': 'https://media.studio-net.fr/biens/31943060/68daadccd889a', 'photo': 'gedeon-31943060_media.studio-net.fr_biens_31943060_68daadccd889a', 'url': 'https://file.bienici.com/photo/gedeon-31943060_media.studio-net.fr_biens_31943060_68daadccd889a'}, {'url_photo': 'https://media.studio-net.fr/biens/31943060/68daaeca713a1', 'photo': 'gedeon-31943060_media.studio-net.fr_biens_31943060_68daaeca713a1', 'url': 'https://file.bienici.com/photo/gedeon-31943060_media.studio-net.fr_biens_31943060_68daaeca713a1'}, {'url_photo': 'https://media.studio-net.fr/biens/31943060/68daadf556d09', 'photo': 'gedeon-31943060_media.studio-net.fr_biens_31943060_68daadf556d09', 'url': 'https://file.bienici.com/photo/gedeon-31943060_media.studio-net.fr_biens_31943060_68daadf556d09'}, {'url_photo': 'https://media.studio-net.fr/biens/31943060/68daae0aed12c', 'photo': 'gedeon-31943060_media.studio-net.fr_biens_31943060_68daae0aed12c', 'url': 'https://file.bienici.com/photo/gedeon-31943060_media.studio-net.fr_biens_31943060_68daae0aed12c'}]",559000,B,True,True,Electrique,04,True,True,6280.898876404494,04120,1774,False,buy,vente,False,0,,False,False,castella-04120,True,,[],exact,"[6.505115910125902, 43.87749202373871, 6.505115910125902, 43.877492023738725]",manual,43.87749202373872,6.505115910125902,43.87749202373872,6.505115910125902,[],4039,2,Castellane,Castellane,04120,04039,4039,04039,04120,2,True,False,True,True,True,False,5a55ce1f9dc619009b6853b8,['gedeon-CASTELLA-04120'],"['gedeon-CASTELLA-04120', 'contract-type-agency-efficiency-package', 'contract-type-agency-performance-package', '5a55ce1f9dc619009b6853b8']",False,False,False,False,False,False,True,False,False,False,2007.0,"[{'url': 'https://player.previsite.net/video/6ED1AE7889A44E1F2119AB1E5136D2FB', 'previewImageUrl': 'https://player.previsite.net/image/6ED1AE7889A44E1F2119AB1E5136D2FB.jpg', 'type': 'video', 'highlighted': True, 'accepted': True, 'https': True, 'size': 'responsive', 'mobileSupport': True, 'id': 'gedeon-31943060_virtualTour_0'}]",True,1.0,True,True,1830.0,2023-09-29,926.0,sud-ouest,,,,,,,,,,,,,,,,,
Méolans-Revel,04340,hektor-jausiersimmo04-164,buy,house,VFE10000164,"À vendre : Ensemble immobilier avec fort potentiel en Ubaye, Rioclar, Meolans-Revel.<br> <br>En position dominante, exposé plein sud, au coeur d'un environnement calme et verdoyant, cette ancienne ferme offre de multiples possibilités : grande maison familiale, gîte, chambres d'hôtes ou projet mixte habitation/activité.<br> <br>La propriété se compose de 2 corps de fermes. <br>La première maison T5 en grande partie rénovée et habitable avec vaste séjour d'environ 80 m2, cuisine avec cellier, quatre chambres, salle de bain, WC, combles aménageables. L'extérieur est à terminer <br>D'une grange attenante équipée d'une chaudière à bois.<br>La seconde est à rénover entièrement.<br>Plusieurs terrains attenant, certains en zone constructible et d'autres en zone agricole, sont traversés par une source naturelle.<br>Localisation privilégiée :<br>Accès facile toute l'année<br>Vue dégagée sur les montagnes<br>Environnement paisible à proximité de Barcelonnette, des stations de ski et des activités de pleine nature.<br>Un bien rare sur le marché, combinant charme, potentiel et environnement d'exception.<br> <br>",Corps de fermes à vendre à Méolans-revel (04340),1970-01-01T00:00:00.000Z,2025-11-10T16:05:50.168Z,False,agency,False,7cb4ede4-bdb0-4a30-b904-9c4dbca0c1d0,Jausiers Immobilier,228.0,6,4,1.0,,1,,3.0,,,2024-07-16,357,10,3130.0,4310.0,E,,,True,seller,680000.0,"[{'url_photo': 'https://jausiers-immo.staticlbi.com/original/images/biens/1/7ed7a378c74def86128e145e0ce09065/photo_37d3258f259e5e442f2767b51c539ae4.jpg', 'photo': 'hektor-jausiersimmo04-164_jausiers-immo.staticlbi.com_original_images_biens_1_7ed7a378c74def86128e145e0ce09065_photo_37d3258f259e5e442f2767b51c539ae4.jpg', 'url': 'https://file.bienici.com/photo/hektor-jausiersimmo04-164_jausiers-immo.staticlbi.com_original_images_biens_1_7ed7a378c74def86128e145e0ce09065_photo_37d3258f259e5e442f2767b51c539ae4.jpg'}, {'url_photo': 'https://jausiers-immo.staticlbi.com/original/images/biens/1/7ed7a378c74def86128e145e0ce09065/photo_861dbbe62f075b0dc2cb72c7b5672450.jpg', 'photo': 'hektor-jausiersimmo04-164_jausiers-immo.staticlbi.com_original_images_biens_1_7ed7a378c74def86128e145e0ce09065_photo_861dbbe62f075b0dc2cb72c7b5672450.jpg', 'url': 'https://file.bienici.com/photo/hektor-jausiersimmo04-164_jausiers-immo.staticlbi.com_original_images_biens_1_7ed7a378c74def86128e145e0ce09065_photo_861dbbe62f075b0dc2cb72c7b5672450.jpg'}, {'url_photo': 'https://jausiers-immo.staticlbi.com/original/images/biens/1/7ed7a378c74def86128e145e0ce09065/photo_6e004efa2720dab2d245b984471080b9.jpg', 'photo': 'hektor-jausiersimmo04-164_jausiers-immo.staticlbi.com_original_images_biens_1_7ed7a378c74def86128e145e0ce09065_photo_6e004efa2720dab2d245b984471080b9.jpg', 'url': 'https://file.bienici.com/photo/hektor-jausiersimmo04-164_jausiers-immo.staticlbi.com_original_images_biens_1_7ed7a378c74def86128e145e0ce09065_photo_6e004efa2720dab2d245b984471080b9.jpg'}, {'url_photo': 'https://jausiers-immo.staticlbi.com/original/images/biens/1/7ed7a378c74def86128e145e0ce09065/photo_6aa1713f59f6c6c5a8addf1168ecbd17.jpg', 'photo': 'hektor-jausiersimmo04-164_jausiers-immo.staticlbi.com_original_images_biens_1_7ed7a378c74def86128e145e0ce09065_photo_6aa1713f59f6c6c5a8addf1168ecbd17.jpg', 'url': 'https://file.bienici.com/photo/hektor-jausiersimmo04-164_jausiers-immo.staticlbi.com_original_images_biens_1_7ed7a378c74def86128e145e0ce09065_photo_6aa1713f59f6c6c5a8addf1168ecbd17.jpg'}, {'url_photo': 'https://jausiers-immo.staticlbi.com/original/images/biens/1/7ed7a378c74def86128e145e0ce09065/photo_0e89ecb4994d0d6cbf5e92711dce5f32.jpg', 'photo': 'hektor-jausiersimmo04-164_jausiers-immo.staticlbi.com_original_images_biens_1_7ed7a378c74def86128e145e0ce09065_photo_0e89ecb4994d0d6cbf5e92711dce5f32.jpg', 'url': 'https://file.bienici.com/photo/hektor-jausiersimmo04-164_jausiers-immo.staticlbi.com_original_images_biens_1_7ed7a378c74def86128e145e0ce09065_photo_0e89ecb4994d0d6cbf5e92711dce5f32.jpg'}, {'url_photo': 'https://jausiers-immo.staticlbi.com/original/images/biens/1/7ed7a378c74def86128e145e0ce09065/photo_f8761bbe9ae23d97c814ef42c26090f4.jpg', 'photo': 'hektor-jausiersimmo04-164_jausiers-immo.staticlbi.com_original_images_biens_1_7ed7a378c74def86128e145e0ce09065_photo_f8761bbe9ae23d97c814ef42c26090f4.jpg', 'url': 'https://file.bienici.com/photo/hektor-jausiersimmo04-164_jausiers-immo.staticlbi.com_original_images_biens_1_7ed7a378c74def86128e145e0ce09065_photo_f8761bbe9ae23d97c814ef42c26090f4.jpg'}, {'url_photo': 'https://jausiers-immo.staticlbi.com/original/images/biens/1/7ed7a378c74def86128e145e0ce09065/photo_bdb7961c1d16a0c6621fd34f85f7cad2.jpg', 'photo': 'hektor-jausiersimmo04-164_jausiers-immo.staticlbi.com_original_images_biens_1_7ed7a378c74def86128e145e0ce09065_photo_bdb7961c1d16a0c6621fd34f85f7cad2.jpg', 'url': 'https://file.bienici.com/photo/hektor-jausiersimmo04-164_jausiers-immo.staticlbi.com_original_images_biens_1_7ed7a378c74def86128e145e0ce09065_photo_bdb7961c1d16a0c6621fd34f85f7cad2.jpg'}, {'url_photo': 'https://jausiers-immo.staticlbi.com/original/images/biens/1/7ed7a378c74def86128e145e0ce09065/photo_a8d5c90139c619cddcd23f3ee525f667.jpg', 'photo': 'hektor-jausiersimmo04-164_jausiers-immo.staticlbi.com_original_images_biens_1_7ed7a378c74def86128e145e0ce09065_photo_a8d5c90139c619cddcd23f3ee525f667.jpg', 'url': 'https://file.bienici.com/photo/hektor-jausiersimmo04-164_jausiers-immo.staticlbi.com_original_images_biens_1_7ed7a378c74def86128e145e0ce09065_photo_a8d5c90139c619cddcd23f3ee525f667.jpg'}, {'url_photo': 'https://jausiers-immo.staticlbi.com/original/images/biens/1/7ed7a378c74def86128e145e0ce09065/photo_942a4eb33c462a05bd82e486f8336122.jpg', 'photo': 'hektor-jausiersimmo04-164_jausiers-immo.staticlbi.com_original_images_biens_1_7ed7a378c74def86128e145e0ce09065_photo_942a4eb33c462a05bd82e486f8336122.jpg', 'url': 'https://file.bienici.com/photo/hektor-jausiersimmo04-164_jausiers-immo.staticlbi.com_original_images_biens_1_7ed7a378c74def86128e145e0ce09065_photo_942a4eb33c462a05bd82e486f8336122.jpg'}, {'url_photo': 'https://jausiers-immo.staticlbi.com/original/images/biens/1/7ed7a378c74def86128e145e0ce09065/photo_f57c95b0a9b7484ff7cc6c9a8ba986e9.jpg', 'photo': 'hektor-jausiersimmo04-164_jausiers-immo.staticlbi.com_original_images_biens_1_7ed7a378c74def86128e145e0ce09065_photo_f57c95b0a9b7484ff7cc6c9a8ba986e9.jpg', 'url': 'https://file.bienici.com/photo/hektor-jausiersimmo04-164_jausiers-immo.staticlbi.com_original_images_biens_1_7ed7a378c74def86128e145e0ce09065_photo_f57c95b0a9b7484ff7cc6c9a8ba986e9.jpg'}, {'url_photo': 'https://jausiers-immo.staticlbi.com/original/images/biens/1/7ed7a378c74def86128e145e0ce09065/photo_d8a6843643c67614a6e6d0bf08242983.jpg', 'photo': 'hektor-jausiersimmo04-164_jausiers-immo.staticlbi.com_original_images_biens_1_7ed7a378c74def86128e145e0ce09065_photo_d8a6843643c67614a6e6d0bf08242983.jpg', 'url': 'https://file.bienici.com/photo/hektor-jausiersimmo04-164_jausiers-immo.staticlbi.com_original_images_biens_1_7ed7a378c74def86128e145e0ce09065_photo_d8a6843643c67614a6e6d0bf08242983.jpg'}, {'url_photo': 'https://jausiers-immo.staticlbi.com/original/images/biens/1/7ed7a378c74def86128e145e0ce09065/photo_369840527a637eb396cb019fdb1d1418.jpg', 'photo': 'hektor-jausiersimmo04-164_jausiers-immo.staticlbi.com_original_images_biens_1_7ed7a378c74def86128e145e0ce09065_photo_369840527a637eb396cb019fdb1d1418.jpg', 'url': 'https://file.bienici.com/photo/hektor-jausiersimmo04-164_jausiers-immo.staticlbi.com_original_images_biens_1_7ed7a378c74def86128e145e0ce09065_photo_369840527a637eb396cb019fdb1d1418.jpg'}, {'url_photo': 'https://jausiers-immo.staticlbi.com/original/images/biens/1/7ed7a378c74def86128e145e0ce09065/photo_413e8dd2e5598d819248650541404736.jpg', 'photo': 'hektor-jausiersimmo04-164_jausiers-immo.staticlbi.com_original_images_biens_1_7ed7a378c74def86128e145e0ce09065_photo_413e8dd2e5598d819248650541404736.jpg', 'url': 'https://file.bienici.com/photo/hektor-jausiersimmo04-164_jausiers-immo.staticlbi.com_original_images_biens_1_7ed7a378c74def86128e145e0ce09065_photo_413e8dd2e5598d819248650541404736.jpg'}, {'url_photo': 'https://jausiers-immo.staticlbi.com/original/images/biens/1/7ed7a378c74def86128e145e0ce09065/photo_7a586acaaf09213a8e415e0df241e508.jpg', 'photo': 'hektor-jausiersimmo04-164_jausiers-immo.staticlbi.com_original_images_biens_1_7ed7a378c74def86128e145e0ce09065_photo_7a586acaaf09213a8e415e0df241e508.jpg', 'url': 'https://file.bienici.com/photo/hektor-jausiersimmo04-164_jausiers-immo.staticlbi.com_original_images_biens_1_7ed7a378c74def86128e145e0ce09065_photo_7a586acaaf09213a8e415e0df241e508.jpg'}, {'url_photo': 'https://jausiers-immo.staticlbi.com/original/images/biens/1/7ed7a378c74def86128e145e0ce09065/photo_a46cd46f43ba893843c117544ec6a82e.jpg', 'photo': 'hektor-jausiersimmo04-164_jausiers-immo.staticlbi.com_original_images_biens_1_7ed7a378c74def86128e145e0ce09065_photo_a46cd46f43ba893843c117544ec6a82e.jpg', 'url': 'https://file.bienici.com/photo/hektor-jausiersimmo04-164_jausiers-immo.staticlbi.com_original_images_biens_1_7ed7a378c74def86128e145e0ce09065_photo_a46cd46f43ba893843c117544ec6a82e.jpg'}, {'url_photo': 'https://jausiers-immo.staticlbi.com/original/images/biens/1/7ed7a378c74def86128e145e0ce09065/photo_ab1caba05f7b5c1b3f8f8b4eece4087d.jpg', 'photo': 'hektor-jausiersimmo04-164_jausiers-immo.staticlbi.com_original_images_biens_1_7ed7a378c74def86128e145e0ce09065_photo_ab1caba05f7b5c1b3f8f8b4eece4087d.jpg', 'url': 'https://file.bienici.com/photo/hektor-jausiersimmo04-164_jausiers-immo.staticlbi.com_original_images_biens_1_7ed7a378c74def86128e145e0ce09065_photo_ab1caba05f7b5c1b3f8f8b4eece4087d.jpg'}, {'url_photo': 'https://jausiers-immo.staticlbi.com/original/images/biens/1/7ed7a378c74def86128e145e0ce09065/photo_dd0c3bd8b81b6d05f8ea9c626bafd18d.jpg', 'photo': 'hektor-jausiersimmo04-164_jausiers-immo.staticlbi.com_original_images_biens_1_7ed7a378c74def86128e145e0ce09065_photo_dd0c3bd8b81b6d05f8ea9c626bafd18d.jpg', 'url': 'https://file.bienici.com/photo/hektor-jausiersimmo04-164_jausiers-immo.staticlbi.com_original_images_biens_1_7ed7a378c74def86128e145e0ce09065_photo_dd0c3bd8b81b6d05f8ea9c626bafd18d.jpg'}, {'url_photo': 'https://jausiers-immo.staticlbi.com/original/images/biens/1/7ed7a378c74def86128e145e0ce09065/photo_93c9c65f6a2e73ff5513a6ea5aaf6d41.jpg', 'photo': 'hektor-jausiersimmo04-164_jausiers-immo.staticlbi.com_original_images_biens_1_7ed7a378c74def86128e145e0ce09065_photo_93c9c65f6a2e73ff5513a6ea5aaf6d41.jpg', 'url': 'https://file.bienici.com/photo/hektor-jausiersimmo04-164_jausiers-immo.staticlbi.com_original_images_biens_1_7ed7a378c74def86128e145e0ce09065_photo_93c9c65f6a2e73ff5513a6ea5aaf6d41.jpg'}, {'url_photo': 'https://jausiers-immo.staticlbi.com/original/images/biens/1/7ed7a378c74def86128e145e0ce09065/photo_e57ac23c2539a2da4259f38061985043.jpg', 'photo': 'hektor-jausiersimmo04-164_jausiers-immo.staticlbi.com_original_images_biens_1_7ed7a378c74def86128e145e0ce09065_photo_e57ac23c2539a2da4259f38061985043.jpg', 'url': 'https://file.bienici.com/photo/hektor-jausiersimmo04-164_jausiers-immo.staticlbi.com_original_images_biens_1_7ed7a378c74def86128e145e0ce09065_photo_e57ac23c2539a2da4259f38061985043.jpg'}, {'url_photo': 'https://jausiers-immo.staticlbi.com/original/images/biens/1/7ed7a378c74def86128e145e0ce09065/photo_69676c22100aacc812fe27b3e46de4d2.jpg', 'photo': 'hektor-jausiersimmo04-164_jausiers-immo.staticlbi.com_original_images_biens_1_7ed7a378c74def86128e145e0ce09065_photo_69676c22100aacc812fe27b3e46de4d2.jpg', 'url': 'https://file.bienici.com/photo/hektor-jausiersimmo04-164_jausiers-immo.staticlbi.com_original_images_biens_1_7ed7a378c74def86128e145e0ce09065_photo_69676c22100aacc812fe27b3e46de4d2.jpg'}, {'url_photo': 'https://jausiers-immo.staticlbi.com/original/images/biens/1/7ed7a378c74def86128e145e0ce09065/photo_a8fa11ca70ce54edbb493639ff2a161c.jpg', 'photo': 'hektor-jausiersimmo04-164_jausiers-immo.staticlbi.com_original_images_biens_1_7ed7a378c74def86128e145e0ce09065_photo_a8fa11ca70ce54edbb493639ff2a161c.jpg', 'url': 'https://file.bienici.com/photo/hektor-jausiersimmo04-164_jausiers-immo.staticlbi.com_original_images_biens_1_7ed7a378c74def86128e145e0ce09065_photo_a8fa11ca70ce54edbb493639ff2a161c.jpg'}, {'url_photo': 'https://jausiers-immo.staticlbi.com/original/images/biens/1/7ed7a378c74def86128e145e0ce09065/photo_a74f4d839edb3d4af586dea40e9cdd18.jpg', 'photo': 'hektor-jausiersimmo04-164_jausiers-immo.staticlbi.com_original_images_biens_1_7ed7a378c74def86128e145e0ce09065_photo_a74f4d839edb3d4af586dea40e9cdd18.jpg', 'url': 'https://file.bienici.com/photo/hektor-jausiersimmo04-164_jausiers-immo.staticlbi.com_original_images_biens_1_7ed7a378c74def86128e145e0ce09065_photo_a74f4d839edb3d4af586dea40e9cdd18.jpg'}]",680000,B,True,True,individuel,04,True,True,2982.4561403508774,04340,1072,False,buy,vente,False,0,deploye,False,False,jausiers-immobilier,True,,[],exact,"[6.529712, 44.409346, 6.529712, 44.409346]",accounts,44.409346,6.529712,44.409346,6.529712,[],4161,2,Méolans-Revel,Méolans-Revel,04340,04161,4161,04161,04340,2,True,False,True,False,False,False,584fd128b442a40099b9b67a,['hektor-jausiersimmo04'],"['hektor-jausiersimmo04', 'contract-type-agency-performance-package', '584fd128b442a40099b9b67a']",False,False,False,False,False,False,True,False,False,False,,"[{'originalUrl': 'https://player.previsite.net/video/5233B4FA-EF52-4F45-BB13-692933C8EA09', 'url': 'https://player.previsite.net/video/5233B4FA-EF52-4F45-BB13-692933C8EA09', 'accepted': True, 'https': True, 'type': 'video', 'size': 'responsive', 'mobileSupport': True, 'id': 'hektor-jausiersimmo04-164_virtualTour_0'}]",,,,,0.0,2023-01-01,,Sud,9000.0,3.0,False,https://jausiers-immo.la-boite-immo.com/i/redac/honoraires?honofor=1,339.0,True,2025-09-25T00:00:00.000Z,,,,,,,,,,
Castellane,04120,gedeon-31540957,buy,house,1390,"Exclusivité - CASTELLANE VILLAGE - À seulement 1,5 km du centre-ville – Quartier calme et résidentiel.
Située dans un environnement paisible, cette belle villa traditionnelle de surface généreuse avec garage intégré, vous séduira par ses volumes, sa luminosité et ses prestations de qualité. Implantée sur un terrain plat, clos et arboré de 2 243 m², elle offre un cadre de vie agréable, à deux pas des commodités de Castellane.
 Descriptif de la maison :
* Superficie habitable : environ 150 m², * Terrain : 2 243 m² entièrement clôturé, * Garage intégré carrelé de 15 m² avec porte motorisée et accès direct à la terrasse, * Exposition plein sud.
Rez-de-chaussée (sur vide sanitaire de 1,50 m) :
* Grand espace de vie lumineux de 65 m² avec cuisine ouverte sur séjour (40 m²) et un salon (25 m²), le tout donnant sur une large terrasse de 43 m², * 1 chambre de 14 m² avec accès terrasse
* Salle d'eau avec douche à l’italienne et WC, * Cellier attenant à la cuisine (5 m²) + espace de rangement sous escalier.
À l'étage :
* Suite parentale de 18 m² avec sa salle d’eau privative (douche + WC), * 2 autres chambres : 15 m² et 8,5 m², * Salle d'eau supplémentaire avec douche et WC, * Couloir/cage d’escalier desservant l’ensemble, 
Prestations & équipements : 
* Chauffage au sol, * Menuiseries PVC, Portes-fenêtres coulissantes métalliques, volets roulants motorisés, double vitrage, * Construction de qualité, très bien entretenue
* Quartier résidentiel recherché, calme et sécurisé.
 Idéal pour une résidence principale, secondaire ou location, ce bien rare sur le secteur n’attend que vous pour y poser vos valises.
LA MAISON PEUT ÉGALEMENT ÊTRE VENDUE SEULE AVEC LES PARCELLES 2341 ET 2345 POUR UNE SUPERFICIE TOTALE DE 1076 M2 AU PRIX DE 350000 € (HONORAIRES D’AGENCE INCLUS).

 Pour plus d'informations ou organiser une visite, n'hésitez pas à nous contacter.","Villa spacieuse et lumineuse sur 2 niveaux, terrain plat de 2 243 m2",1970-01-01T00:00:00.000Z,2025-11-16T06:09:33.770Z,False,agency,False,gedeon-CASTELLA-04120_LOGO_media.studio-net.fr_agency-logo_55555-6560b4358d16b,CASTELLANE IMMOBILIER,150.0,6,4,,True,3,,,,,2018-12-11,220,12,,,D,,,True,seller,,"[{'url_photo': 'https://media.studio-net.fr/biens/31540957/6867a6d6191b2', 'photo': 'gedeon-31540957_media.studio-net.fr_biens_31540957_6867a6d6191b2', 'url': 'https://file.bienici.com/photo/gedeon-31540957_media.studio-net.fr_biens_31540957_6867a6d6191b2'}, {'url_photo': 'https://media.studio-net.fr/biens/31540957/6867a6e919108', 'photo': 'gedeon-31540957_media.studio-net.fr_biens_31540957_6867a6e919108', 'url': 'https://file.bienici.com/photo/gedeon-31540957_media.studio-net.fr_biens_31540957_6867a6e919108'}, {'url_photo': 'https://media.studio-net.fr/biens/31540957/6867a6dc8e6e9', 'photo': 'gedeon-31540957_media.studio-net.fr_biens_31540957_6867a6dc8e6e9', 'url': 'https://file.bienici.com/photo/gedeon-31540957_media.studio-net.fr_biens_31540957_6867a6dc8e6e9'}, {'url_photo': 'https://media.studio-net.fr/biens/31540957/6867a6f55b189', 'photo': 'gedeon-31540957_media.studio-net.fr_biens_31540957_6867a6f55b189', 'url': 'https://file.bienici.com/photo/gedeon-31540957_media.studio-net.fr_biens_31540957_6867a6f55b189'}, {'url_photo': 'https://media.studio-net.fr/biens/31540957/6867a6fb7151d', 'photo': 'gedeon-31540957_media.studio-net.fr_biens_31540957_6867a6fb7151d', 'url': 'https://file.bienici.com/photo/gedeon-31540957_media.studio-net.fr_biens_31540957_6867a6fb7151d'}, {'url_photo': 'https://media.studio-net.fr/biens/31540957/6867a70f7c937', 'photo': 'gedeon-31540957_media.studio-net.fr_biens_31540957_6867a70f7c937', 'url': 'https://file.bienici.com/photo/gedeon-31540957_media.studio-net.fr_biens_31540957_6867a70f7c937'}, {'url_photo': 'https://media.studio-net.fr/biens/31540957/6867a71822da1', 'photo': 'gedeon-31540957_media.studio-net.fr_biens_31540957_6867a71822da1', 'url': 'https://file.bienici.com/photo/gedeon-31540957_media.studio-net.fr_biens_31540957_6867a71822da1'}, {'url_photo': 'https://media.studio-net.fr/biens/31540957/6867a71eedce6', 'photo': 'gedeon-31540957_media.studio-net.fr_biens_31540957_6867a71eedce6', 'url': 'https://file.bienici.com/photo/gedeon-31540957_media.studio-net.fr_biens_31540957_6867a71eedce6'}, {'url_photo': 'https://media.studio-net.fr/biens/31540957/6867a7269363b', 'photo': 'gedeon-31540957_media.studio-net.fr_biens_31540957_6867a7269363b', 'url': 'https://file.bienici.com/photo/gedeon-31540957_media.studio-net.fr_biens_31540957_6867a7269363b'}, {'url_photo': 'https://media.studio-net.fr/biens/31540957/6867a731115a5', 'photo': 'gedeon-31540957_media.studio-net.fr_biens_31540957_6867a731115a5', 'url': 'https://file.bienici.com/photo/gedeon-31540957_media.studio-net.fr_biens_31540957_6867a731115a5'}, {'url_photo': 'https://media.studio-net.fr/biens/31540957/6867a7374bd29', 'photo': 'gedeon-31540957_media.studio-net.fr_biens_31540957_6867a7374bd29', 'url': 'https://file.bienici.com/photo/gedeon-31540957_media.studio-net.fr_biens_31540957_6867a7374bd29'}]",450000,C,,True,,04,True,True,3000.0,04120,1867,False,buy,vente,False,0,,False,False,castella-04120,True,,[],exact,"[6.501194053673368, 43.841458471137756, 6.50119405367337, 43.84145847113777]",manual,43.84145847113776,6.501194053673369,43.84145847113776,6.501194053673369,[],4039,2,Castellane,Castellane,04120,04039,4039,04039,04120,2,True,False,True,True,True,False,5a55ce1f9dc619009b6853b8,['gedeon-CASTELLA-04120'],"['gedeon-CASTELLA-04120', 'contract-type-agency-efficiency-package', 'contract-type-agency-performance-package', '5a55ce1f9dc619009b6853b8']",False,False,False,False,False,False,True,False,False,False,2012.0,"[{'url': 'https://player.previsite.net/video/ACE47073ACC7336ACEB03A3856CF6F73', 'previewImageUrl': 'https://player.previsite.net/image/ACE47073ACC7336ACEB03A3856CF6F73.jpg', 'type': 'video', 'highlighted': True, 'accepted': True, 'https': True, 'size': 'responsive', 'mobileSupport': True, 'id': 'gedeon-31540957_virtualTour_0'}]",True,3.0,,,1884.0,2015-07-04,2243.0,sud,,,,,,,2025-09-25T00:00:00.000Z,43.0,,,,,,,,,
Allos,04260,ag065872-449554721,buy,house,25-580N,"Dans le jolie et dynamique village D'Allos, Passionné de ski et de montagnes ? Alors venez visiter ce charmant chalet au sein d'un domaine ""Le Super Allos"". Il vous accueille chaleureusement vous et votre famille pour vos vacances d'hiver et d'été. Composé au rez-de-chaussée d'une vaste et lumineuse pièce de vie donnant sur une grande terrasse ensoleillée, d'une cuisine ouverte, d'une salle d'eau avec W.C et d'une chambre/bureau en mezzanine. En rez-de-jardin sont à votre disposition trois chambres dont deux donnant sur une terrasse et sur le jardin de 533 m²,et d'une salle de bain avec W.C. Vous bénéficierez d'une très belle vue sur les stations et les montagnes avec un calme absolu. Une cave complètera ce bien de qualité. N'hésitez pas à contacter votre agent Côté Place Immobilier By KW, Jean-Baptiste Grauet, au <span class=""importDescriptionDecorator"" data-type=""phone"">06.64.99.86.36</span>",Allos//Chalet 5 pièces 92 m²//4 chambres//Jardin,1970-01-01T00:00:00.000Z,2025-11-11T12:15:36.597Z,False,agency,False,b02373af-9441-492d-8cf4-e72a126e8437,Maison Massena - Collectif Immobilier,92.0,5,3,2.0,True,2,,,,,2024-11-27,349,11,1820.0,2500.0,E,,,True,seller,420000.0,"[{'url_photo': 'https://photos.ubiflow.net/65872/449554721/photos/1.jpg?INSOON_EB_5512801818_20250725115454', 'photo': 'ag065872-449554721_photos.ubiflow.net_65872_449554721_photos_1.jpg_INSOON_EB_5512801818_20250725115454', 'url': 'https://file.bienici.com/photo/ag065872-449554721_photos.ubiflow.net_65872_449554721_photos_1.jpg_INSOON_EB_5512801818_20250725115454'}, {'url_photo': 'https://photos.ubiflow.net/65872/449554721/photos/2.jpg?INSOON_EB_5512801818_20250725115454', 'photo': 'ag065872-449554721_photos.ubiflow.net_65872_449554721_photos_2.jpg_INSOON_EB_5512801818_20250725115454', 'url': 'https://file.bienici.com/photo/ag065872-449554721_photos.ubiflow.net_65872_449554721_photos_2.jpg_INSOON_EB_5512801818_20250725115454'}, {'url_photo': 'https://photos.ubiflow.net/65872/449554721/photos/3.jpg?INSOON_EB_5512801818_20250725115454', 'photo': 'ag065872-449554721_photos.ubiflow.net_65872_449554721_photos_3.jpg_INSOON_EB_5512801818_20250725115454', 'url': 'https://file.bienici.com/photo/ag065872-449554721_photos.ubiflow.net_65872_449554721_photos_3.jpg_INSOON_EB_5512801818_20250725115454'}, {'url_photo': 'https://photos.ubiflow.net/65872/449554721/photos/4.jpg?INSOON_EB_5512801818_20250725115454', 'photo': 'ag065872-449554721_photos.ubiflow.net_65872_449554721_photos_4.jpg_INSOON_EB_5512801818_20250725115454', 'url': 'https://file.bienici.com/photo/ag065872-449554721_photos.ubiflow.net_65872_449554721_photos_4.jpg_INSOON_EB_5512801818_20250725115454'}, {'url_photo': 'https://photos.ubiflow.net/65872/449554721/photos/5.jpg?INSOON_EB_5512801818_20250725115454', 'photo': 'ag065872-449554721_photos.ubiflow.net_65872_449554721_photos_5.jpg_INSOON_EB_5512801818_20250725115454', 'url': 'https://file.bienici.com/photo/ag065872-449554721_photos.ubiflow.net_65872_449554721_photos_5.jpg_INSOON_EB_5512801818_20250725115454'}, {'url_photo': 'https://photos.ubiflow.net/65872/449554721/photos/6.jpg?INSOON_EB_5512801818_20250725115454', 'photo': 'ag065872-449554721_photos.ubiflow.net_65872_449554721_photos_6.jpg_INSOON_EB_5512801818_20250725115454', 'url': 'https://file.bienici.com/photo/ag065872-449554721_photos.ubiflow.net_65872_449554721_photos_6.jpg_INSOON_EB_5512801818_20250725115454'}, {'url_photo': 'https://photos.ubiflow.net/65872/449554721/photos/7.jpg?INSOON_EB_5512801818_20250725115454', 'photo': 'ag065872-449554721_photos.ubiflow.net_65872_449554721_photos_7.jpg_INSOON_EB_5512801818_20250725115454', 'url': 'https://file.bienici.com/photo/ag065872-449554721_photos.ubiflow.net_65872_449554721_photos_7.jpg_INSOON_EB_5512801818_20250725115454'}, {'url_photo': 'https://photos.ubiflow.net/65872/449554721/photos/8.jpg?INSOON_EB_5512801818_20250725115454', 'photo': 'ag065872-449554721_photos.ubiflow.net_65872_449554721_photos_8.jpg_INSOON_EB_5512801818_20250725115454', 'url': 'https://file.bienici.com/photo/ag065872-449554721_photos.ubiflow.net_65872_449554721_photos_8.jpg_INSOON_EB_5512801818_20250725115454'}, {'url_photo': 'https://photos.ubiflow.net/65872/449554721/photos/9.jpg?INSOON_EB_5512801818_20250725115454', 'photo': 'ag065872-449554721_photos.ubiflow.net_65872_449554721_photos_9.jpg_INSOON_EB_5512801818_20250725115454', 'url': 'https://file.bienici.com/photo/ag065872-449554721_photos.ubiflow.net_65872_449554721_photos_9.jpg_INSOON_EB_5512801818_20250725115454'}, {'url_photo': 'https://photos.ubiflow.net/65872/449554721/photos/10.jpg?INSOON_EB_5512801818_20250725115454', 'photo': 'ag065872-449554721_photos.ubiflow.net_65872_449554721_photos_10.jpg_INSOON_EB_5512801818_20250725115454', 'url': 'https://file.bienici.com/photo/ag065872-449554721_photos.ubiflow.net_65872_449554721_photos_10.jpg_INSOON_EB_5512801818_20250725115454'}, {'url_photo': 'https://photos.ubiflow.net/65872/449554721/photos/11.jpg?INSOON_EB_5512801818_20250725115454', 'photo': 'ag065872-449554721_photos.ubiflow.net_65872_449554721_photos_11.jpg_INSOON_EB_5512801818_20250725115454', 'url': 'https://file.bienici.com/photo/ag065872-449554721_photos.ubiflow.net_65872_449554721_photos_11.jpg_INSOON_EB_5512801818_20250725115454'}, {'url_photo': 'https://photos.ubiflow.net/65872/449554721/photos/12.jpg?INSOON_EB_5512801818_20250725115454', 'photo': 'ag065872-449554721_photos.ubiflow.net_65872_449554721_photos_12.jpg_INSOON_EB_5512801818_20250725115454', 'url': 'https://file.bienici.com/photo/ag065872-449554721_photos.ubiflow.net_65872_449554721_photos_12.jpg_INSOON_EB_5512801818_20250725115454'}, {'url_photo': 'https://photos.ubiflow.net/65872/449554721/photos/13.jpg?INSOON_EB_5512801818_20250725115454', 'photo': 'ag065872-449554721_photos.ubiflow.net_65872_449554721_photos_13.jpg_INSOON_EB_5512801818_20250725115454', 'url': 'https://file.bienici.com/photo/ag065872-449554721_photos.ubiflow.net_65872_449554721_photos_13.jpg_INSOON_EB_5512801818_20250725115454'}, {'url_photo': 'https://photos.ubiflow.net/65872/449554721/photos/14.jpg?INSOON_EB_5512801818_20250725115454', 'photo': 'ag065872-449554721_photos.ubiflow.net_65872_449554721_photos_14.jpg_INSOON_EB_5512801818_20250725115454', 'url': 'https://file.bienici.com/photo/ag065872-449554721_photos.ubiflow.net_65872_449554721_photos_14.jpg_INSOON_EB_5512801818_20250725115454'}, {'url_photo': 'https://photos.ubiflow.net/65872/449554721/photos/15.jpg?INSOON_EB_5512801818_20250725115454', 'photo': 'ag065872-449554721_photos.ubiflow.net_65872_449554721_photos_15.jpg_INSOON_EB_5512801818_20250725115454', 'url': 'https://file.bienici.com/photo/ag065872-449554721_photos.ubiflow.net_65872_449554721_photos_15.jpg_INSOON_EB_5512801818_20250725115454'}, {'url_photo': 'https://photos.ubiflow.net/65872/449554721/photos/16.jpg?INSOON_EB_5512801818_20250725115454', 'photo': 'ag065872-449554721_photos.ubiflow.net_65872_449554721_photos_16.jpg_INSOON_EB_5512801818_20250725115454', 'url': 'https://file.bienici.com/photo/ag065872-449554721_photos.ubiflow.net_65872_449554721_photos_16.jpg_INSOON_EB_5512801818_20250725115454'}, {'url_photo': 'https://photos.ubiflow.net/65872/449554721/photos/17.jpg?INSOON_EB_5512801818_20250725115454', 'photo': 'ag065872-449554721_photos.ubiflow.net_65872_449554721_photos_17.jpg_INSOON_EB_5512801818_20250725115454', 'url': 'https://file.bienici.com/photo/ag065872-449554721_photos.ubiflow.net_65872_449554721_photos_17.jpg_INSOON_EB_5512801818_20250725115454'}, {'url_photo': 'https://photos.ubiflow.net/65872/449554721/photos/18.jpg?INSOON_EB_5512801818_20250725115454', 'photo': 'ag065872-449554721_photos.ubiflow.net_65872_449554721_photos_18.jpg_INSOON_EB_5512801818_20250725115454', 'url': 'https://file.bienici.com/photo/ag065872-449554721_photos.ubiflow.net_65872_449554721_photos_18.jpg_INSOON_EB_5512801818_20250725115454'}, {'url_photo': 'https://photos.ubiflow.net/65872/449554721/photos/19.jpg?INSOON_EB_5512801818_20250725115454', 'photo': 'ag065872-449554721_photos.ubiflow.net_65872_449554721_photos_19.jpg_INSOON_EB_5512801818_20250725115454', 'url': 'https://file.bienici.com/photo/ag065872-449554721_photos.ubiflow.net_65872_449554721_photos_19.jpg_INSOON_EB_5512801818_20250725115454'}, {'url_photo': 'https://photos.ubiflow.net/65872/449554721/photos/20.jpg?INSOON_EB_5512801818_20250725115454', 'photo': 'ag065872-449554721_photos.ubiflow.net_65872_449554721_photos_20.jpg_INSOON_EB_5512801818_20250725115454', 'url': 'https://file.bienici.com/photo/ag065872-449554721_photos.ubiflow.net_65872_449554721_photos_20.jpg_INSOON_EB_5512801818_20250725115454'}, {'url_photo': 'https://photos.ubiflow.net/65872/449554721/photos/21.jpg?INSOON_EB_5512801818_20250725115454', 'photo': 'ag065872-449554721_photos.ubiflow.net_65872_449554721_photos_21.jpg_INSOON_EB_5512801818_20250725115454', 'url': 'https://file.bienici.com/photo/ag065872-449554721_photos.ubiflow.net_65872_449554721_photos_21.jpg_INSOON_EB_5512801818_20250725115454'}]",420000,,True,True,électricité individuel,04,True,True,4565.217391304348,04260,840,False,buy,vente,False,0,,False,False,kw-massena,True,,[],exact,"[6.62678, 44.247591, 6.62678, 44.247591]",accounts,44.247591,6.62678,44.247591,6.62678,[],4006,2,Allos,Allos,04260,04006,4006,04006,04260,2,True,False,True,False,True,False,558bbfd06fbf04e50075bbce,['ubiflow-easybusiness-ag065872'],"['ubiflow-easybusiness-ag065872', 'contract-type-agency-efficiency-package', 'contract-type-agency-performance-package', '558bbfd06fbf04e50075bbce']",False,False,False,False,False,False,True,False,False,False,,"[{'url': 'https://player.previsite.net/video/6F66062860CB07C8F62F6CD88FF356BD', 'previewImageUrl': 'https://player.previsite.net/image/6F66062860CB07C8F62F6CD88FF356BD.jpg', 'type': 'video', 'highlighted': True, 'accepted': True, 'https': True, 'size': 'responsive', 'mobileSupport': True, 'id': 'ag065872-449554721_virtualTour_0'}]",False,1.0,,,,,,,680.0,,,,,True,2025-09-25T00:00:00.000Z,,,,,,,,,,
Barcelonnette,04400,hektor-jausiersimmo04-86,buy,flat,V40000086,"Appartement T3/4 de 78 m2 avec jardin, garage, cave   à deux pas du centre de Barcelonnette<br>À quelques minutes à pied du centre-ville de Barcelonnette, dans un secteur calme avec vue montange, venez découvrir ce charmant appartement de 77,80 m2, de plain pied. Idéal pour une résidence principale comme pour une résidence secondaire.<br>L'appartement se compose de deux chambres, d'un séjour, d'une cuisine et d'un bureau, une salle d'eau avec wc. Il est équipé de double vitrage et d'un poele à granules pour le chauffage. Une cave en face de l'appartement vous permet de stocker le surplus sans sortir du batiment, juste le couloir à traverser.<br>Vous bénéficierez également de nombreux espaces annexes : un garage fermé, un emplacement de stationnement privatif devant le garage, une cave ainsi qu'une dépendance pouvant faire office d'atelier ou de local de rangement.<br>De plus le terrain de 200 m2 attenant est une parcelle indépendante hors copropriété et vous offre un jardin, terrasse, places de parking.<br>Ce lieu offre un cadre de vie privilégié au coeur de la vallée de l'Ubaye.<br>Commerces, restaurants et toutes commodités sont accessibles à pied, et les stations de ski du Sauze et de Pra Loup ne sont qu'à quelques minutes en voiture.<br>Un bien aux multiples atouts : localisation, confort et potentiel d'aménagement. Contactez Jausiers Immobilier pour organiser une visite !<br>",À vendre   Charmant appartement de 78 m2 avec parcelle 200 m,1970-01-01T00:00:00.000Z,2025-10-31T01:34:31.060Z,False,agency,False,7cb4ede4-bdb0-4a30-b904-9c4dbca0c1d0,Jausiers Immobilier,78.31,4,3,1.0,False,1,False,,0.0,False,2025-05-16,355,10,2380.0,3260.0,E,True,,True,seller,315750.0,"[{'url_photo': 'https://jausiers-immo.staticlbi.com/original/images/biens/1/8e0cdb3c648f35ad696cec47910e82b7/photo_a6b09412bedcf741b6332e491bd1ffe2.jpg', 'photo': 'hektor-jausiersimmo04-86_jausiers-immo.staticlbi.com_original_images_biens_1_8e0cdb3c648f35ad696cec47910e82b7_photo_a6b09412bedcf741b6332e491bd1ffe2.jpg', 'url': 'https://file.bienici.com/photo/hektor-jausiersimmo04-86_jausiers-immo.staticlbi.com_original_images_biens_1_8e0cdb3c648f35ad696cec47910e82b7_photo_a6b09412bedcf741b6332e491bd1ffe2.jpg'}, {'url_photo': 'https://jausiers-immo.staticlbi.com/original/images/biens/1/8e0cdb3c648f35ad696cec47910e82b7/photo_8493160c227c817315b46e6e3b1a5846.jpg', 'photo': 'hektor-jausiersimmo04-86_jausiers-immo.staticlbi.com_original_images_biens_1_8e0cdb3c648f35ad696cec47910e82b7_photo_8493160c227c817315b46e6e3b1a5846.jpg', 'url': 'https://file.bienici.com/photo/hektor-jausiersimmo04-86_jausiers-immo.staticlbi.com_original_images_biens_1_8e0cdb3c648f35ad696cec47910e82b7_photo_8493160c227c817315b46e6e3b1a5846.jpg'}, {'url_photo': 'https://jausiers-immo.staticlbi.com/original/images/biens/1/8e0cdb3c648f35ad696cec47910e82b7/photo_cf39d6274af51e9d4fb2f68c21605fdc.jpg', 'photo': 'hektor-jausiersimmo04-86_jausiers-immo.staticlbi.com_original_images_biens_1_8e0cdb3c648f35ad696cec47910e82b7_photo_cf39d6274af51e9d4fb2f68c21605fdc.jpg', 'url': 'https://file.bienici.com/photo/hektor-jausiersimmo04-86_jausiers-immo.staticlbi.com_original_images_biens_1_8e0cdb3c648f35ad696cec47910e82b7_photo_cf39d6274af51e9d4fb2f68c21605fdc.jpg'}, {'url_photo': 'https://jausiers-immo.staticlbi.com/original/images/biens/1/8e0cdb3c648f35ad696cec47910e82b7/photo_c52ca904243b08a542bc7b29e61cfafa.jpg', 'photo': 'hektor-jausiersimmo04-86_jausiers-immo.staticlbi.com_original_images_biens_1_8e0cdb3c648f35ad696cec47910e82b7_photo_c52ca904243b08a542bc7b29e61cfafa.jpg', 'url': 'https://file.bienici.com/photo/hektor-jausiersimmo04-86_jausiers-immo.staticlbi.com_original_images_biens_1_8e0cdb3c648f35ad696cec47910e82b7_photo_c52ca904243b08a542bc7b29e61cfafa.jpg'}, {'url_photo': 'https://jausiers-immo.staticlbi.com/original/images/biens/1/8e0cdb3c648f35ad696cec47910e82b7/photo_98aef08350576bb8b186030394394176.jpg', 'photo': 'hektor-jausiersimmo04-86_jausiers-immo.staticlbi.com_original_images_biens_1_8e0cdb3c648f35ad696cec47910e82b7_photo_98aef08350576bb8b186030394394176.jpg', 'url': 'https://file.bienici.com/photo/hektor-jausiersimmo04-86_jausiers-immo.staticlbi.com_original_images_biens_1_8e0cdb3c648f35ad696cec47910e82b7_photo_98aef08350576bb8b186030394394176.jpg'}, {'url_photo': 'https://jausiers-immo.staticlbi.com/original/images/biens/1/8e0cdb3c648f35ad696cec47910e82b7/photo_714283505324ead37ee2e1c73220284e.jpg', 'photo': 'hektor-jausiersimmo04-86_jausiers-immo.staticlbi.com_original_images_biens_1_8e0cdb3c648f35ad696cec47910e82b7_photo_714283505324ead37ee2e1c73220284e.jpg', 'url': 'https://file.bienici.com/photo/hektor-jausiersimmo04-86_jausiers-immo.staticlbi.com_original_images_biens_1_8e0cdb3c648f35ad696cec47910e82b7_photo_714283505324ead37ee2e1c73220284e.jpg'}, {'url_photo': 'https://jausiers-immo.staticlbi.com/original/images/biens/1/8e0cdb3c648f35ad696cec47910e82b7/photo_c459893bcbae84636642236341c40109.jpg', 'photo': 'hektor-jausiersimmo04-86_jausiers-immo.staticlbi.com_original_images_biens_1_8e0cdb3c648f35ad696cec47910e82b7_photo_c459893bcbae84636642236341c40109.jpg', 'url': 'https://file.bienici.com/photo/hektor-jausiersimmo04-86_jausiers-immo.staticlbi.com_original_images_biens_1_8e0cdb3c648f35ad696cec47910e82b7_photo_c459893bcbae84636642236341c40109.jpg'}, {'url_photo': 'https://jausiers-immo.staticlbi.com/original/images/biens/1/8e0cdb3c648f35ad696cec47910e82b7/photo_acb28c71ab3383844817cbcb2f43c421.jpg', 'photo': 'hektor-jausiersimmo04-86_jausiers-immo.staticlbi.com_original_images_biens_1_8e0cdb3c648f35ad696cec47910e82b7_photo_acb28c71ab3383844817cbcb2f43c421.jpg', 'url': 'https://file.bienici.com/photo/hektor-jausiersimmo04-86_jausiers-immo.staticlbi.com_original_images_biens_1_8e0cdb3c648f35ad696cec47910e82b7_photo_acb28c71ab3383844817cbcb2f43c421.jpg'}, {'url_photo': 'https://jausiers-immo.staticlbi.com/original/images/biens/1/8e0cdb3c648f35ad696cec47910e82b7/photo_211fe57c79879c5ae41a768e98d66185.jpg', 'photo': 'hektor-jausiersimmo04-86_jausiers-immo.staticlbi.com_original_images_biens_1_8e0cdb3c648f35ad696cec47910e82b7_photo_211fe57c79879c5ae41a768e98d66185.jpg', 'url': 'https://file.bienici.com/photo/hektor-jausiersimmo04-86_jausiers-immo.staticlbi.com_original_images_biens_1_8e0cdb3c648f35ad696cec47910e82b7_photo_211fe57c79879c5ae41a768e98d66185.jpg'}, {'url_photo': 'https://jausiers-immo.staticlbi.com/original/images/biens/1/8e0cdb3c648f35ad696cec47910e82b7/photo_563ea4b0d97f497af3ab328caa65c876.jpg', 'photo': 'hektor-jausiersimmo04-86_jausiers-immo.staticlbi.com_original_images_biens_1_8e0cdb3c648f35ad696cec47910e82b7_photo_563ea4b0d97f497af3ab328caa65c876.jpg', 'url': 'https://file.bienici.com/photo/hektor-jausiersimmo04-86_jausiers-immo.staticlbi.com_original_images_biens_1_8e0cdb3c648f35ad696cec47910e82b7_photo_563ea4b0d97f497af3ab328caa65c876.jpg'}, {'url_photo': 'https://jausiers-immo.staticlbi.com/original/images/biens/1/8e0cdb3c648f35ad696cec47910e82b7/photo_5698ea886a0de54724ce3423a2ac41a6.jpg', 'photo': 'hektor-jausiersimmo04-86_jausiers-immo.staticlbi.com_original_images_biens_1_8e0cdb3c648f35ad696cec47910e82b7_photo_5698ea886a0de54724ce3423a2ac41a6.jpg', 'url': 'https://file.bienici.com/photo/hektor-jausiersimmo04-86_jausiers-immo.staticlbi.com_original_images_biens_1_8e0cdb3c648f35ad696cec47910e82b7_photo_5698ea886a0de54724ce3423a2ac41a6.jpg'}, {'url_photo': 'https://jausiers-immo.staticlbi.com/original/images/biens/1/8e0cdb3c648f35ad696cec47910e82b7/photo_b6633849ec54087d4dcc6146629384c9.jpg', 'photo': 'hektor-jausiersimmo04-86_jausiers-immo.staticlbi.com_original_images_biens_1_8e0cdb3c648f35ad696cec47910e82b7_photo_b6633849ec54087d4dcc6146629384c9.jpg', 'url': 'https://file.bienici.com/photo/hektor-jausiersimmo04-86_jausiers-immo.staticlbi.com_original_images_biens_1_8e0cdb3c648f35ad696cec47910e82b7_photo_b6633849ec54087d4dcc6146629384c9.jpg'}, {'url_photo': 'https://jausiers-immo.staticlbi.com/original/images/biens/1/8e0cdb3c648f35ad696cec47910e82b7/photo_989fc3fa26271978ad5c0c30a896e77b.jpg', 'photo': 'hektor-jausiersimmo04-86_jausiers-immo.staticlbi.com_original_images_biens_1_8e0cdb3c648f35ad696cec47910e82b7_photo_989fc3fa26271978ad5c0c30a896e77b.jpg', 'url': 'https://file.bienici.com/photo/hektor-jausiersimmo04-86_jausiers-immo.staticlbi.com_original_images_biens_1_8e0cdb3c648f35ad696cec47910e82b7_photo_989fc3fa26271978ad5c0c30a896e77b.jpg'}, {'url_photo': 'https://jausiers-immo.staticlbi.com/original/images/biens/1/8e0cdb3c648f35ad696cec47910e82b7/photo_36e072a0a8beab9a5a4339acdb0a6b61.jpg', 'photo': 'hektor-jausiersimmo04-86_jausiers-immo.staticlbi.com_original_images_biens_1_8e0cdb3c648f35ad696cec47910e82b7_photo_36e072a0a8beab9a5a4339acdb0a6b61.jpg', 'url': 'https://file.bienici.com/photo/hektor-jausiersimmo04-86_jausiers-immo.staticlbi.com_original_images_biens_1_8e0cdb3c648f35ad696cec47910e82b7_photo_36e072a0a8beab9a5a4339acdb0a6b61.jpg'}, {'url_photo': 'https://jausiers-immo.staticlbi.com/original/images/biens/1/8e0cdb3c648f35ad696cec47910e82b7/photo_fa8127087ed149812b98beca8e7e1215.jpg', 'photo': 'hektor-jausiersimmo04-86_jausiers-immo.staticlbi.com_original_images_biens_1_8e0cdb3c648f35ad696cec47910e82b7_photo_fa8127087ed149812b98beca8e7e1215.jpg', 'url': 'https://file.bienici.com/photo/hektor-jausiersimmo04-86_jausiers-immo.staticlbi.com_original_images_biens_1_8e0cdb3c648f35ad696cec47910e82b7_photo_fa8127087ed149812b98beca8e7e1215.jpg'}, {'url_photo': 'https://jausiers-immo.staticlbi.com/original/images/biens/1/8e0cdb3c648f35ad696cec47910e82b7/photo_8922cc72e2a57b8a5df70727caf47830.jpg', 'photo': 'hektor-jausiersimmo04-86_jausiers-immo.staticlbi.com_original_images_biens_1_8e0cdb3c648f35ad696cec47910e82b7_photo_8922cc72e2a57b8a5df70727caf47830.jpg', 'url': 'https://file.bienici.com/photo/hektor-jausiersimmo04-86_jausiers-immo.staticlbi.com_original_images_biens_1_8e0cdb3c648f35ad696cec47910e82b7_photo_8922cc72e2a57b8a5df70727caf47830.jpg'}, {'url_photo': 'https://jausiers-immo.staticlbi.com/original/images/biens/1/8e0cdb3c648f35ad696cec47910e82b7/photo_cfe6550c2efca0899a2f4cf4550c1be6.jpg', 'photo': 'hektor-jausiersimmo04-86_jausiers-immo.staticlbi.com_original_images_biens_1_8e0cdb3c648f35ad696cec47910e82b7_photo_cfe6550c2efca0899a2f4cf4550c1be6.jpg', 'url': 'https://file.bienici.com/photo/hektor-jausiersimmo04-86_jausiers-immo.staticlbi.com_original_images_biens_1_8e0cdb3c648f35ad696cec47910e82b7_photo_cfe6550c2efca0899a2f4cf4550c1be6.jpg'}]",315000,B,True,True,individuel,04,True,True,4022.474779721619,04400,1379,False,buy,vente,False,0,deploye,False,False,jausiers-immobilier,True,,[],exact,"[6.650744999999999, 44.38241599999999, 6.650745000000001, 44.382416000000006]",accounts,44.382416,6.650745,44.382416,6.650745,[],4019,2,Barcelonnette,Barcelonnette,04400,04019,4019,04019,04400,2,True,False,True,True,False,False,584fd128b442a40099b9b67a,['hektor-jausiersimmo04'],"['hektor-jausiersimmo04', 'contract-type-agency-performance-package', '584fd128b442a40099b9b67a']",False,False,False,False,False,False,True,False,False,False,1966.0,"[{'originalUrl': 'https://nodalview.com/s/0X1L2AgyPCr88nyt0fQIkJ', 'url': 'https://nodalview.com/s/0X1L2AgyPCr88nyt0fQIkJ', 'accepted': True, 'https': True, 'mobileSupport': True, 'type': 'photos 360, déplacements suivi', 'size': 'responsive', 'id': 'hektor-jausiersimmo04-86_virtualTour_0'}]",,1.0,False,,0.0,2023-01-01,,Nord,200.0,2.0,False,https://jausiers-immo.la-boite-immo.com/i/redac/honoraires?honofor=1,316.0,True,2025-09-25T00:00:00.000Z,,False,True,False,False,False,False,True,,
Sisteron,04200,hektor-paulbarns11-8,prestige,house,04200-03,"Nichée au coeur de la provence, cette propriété d'exception, construite en 1994 au coeur d'un domaine de 13 000 m2, offre une harmonie parfaite entre authenticité et confort moderne. Laissez-vous séduire par le charme intemporel de cette sublime maison d'architecte lumineuse et fonctionnelle.<br> Implantée à 5 km au sud de Sisteron, elle profite de la proximité des commerces et de l'accès rapide à l'A51 tout en bénéficiant d'un environnement de pleine nature, au calme, isolée et sans vis-à-vis. L'accès à la propriété se fait par un petit chemin sans issue qui grimpe dans la colline de Montgervis abritant de nombreuses parcelles plantées d'oliviers jusqu'à sa partie sommitale. La parcelle sur laquelle la maison est édifiée est un plateau bordé de forêts de chênes, arboré et planté de 70 oliviers centenaires ce qui confère charme et sérénité à cet écrin de verdure.<br> Entourée d'une oliveraie, composée de 70 arbres, cette demeure est un véritable écrin de sérénité, où se mêlent élégance, nature et luminosité.<br> DES PRESTATIONS RARES ET D'EXCEPTION<br> Surface habitable : 311 m2, la villa est conçue pour maximiser la lumière grâce à de grandes baies vitrées et des volets à galandage.<br> Pièces de vie spacieuses : Le séjour, ouvert sur la terrasse et la salle à manger, offre une ambiance conviviale et apaisante.<br> La cuisine, traversante, dotée d'un îlot central dispose d'un accès direct au salon extérieur ainsi qu'à la terrasse.<br> 6 chambres : Dont une somptueuse suite parentale avec dressing et salle de bain privative. Chaque chambre offre des espaces généreux, une belle luminosité et de nombreux rangements intégrés.<br> 4 salles de bain : Matériaux haut de gamme, dont la faïence de Salernes. Double vasque et baignoire.<br> Espaces supplémentaires : Une cave à vin de 20 m2 pour les amateurs de grands crus. Une buanderie et une arrière-cuisine pratiques et fonctionnelles. La maison dispose également d'un bureau, idéal pour le télétravail ou des activités créatives.<br> EXTERIEURS<br> Terrasses spacieuses : Devant les larges baies vitrées orientées plein sud et autour de la piscine, une terrasse non couverte prolonge naturellement les pièces intérieures et permet de profiter du soleil tout au long de la journée.<br>L'atout majeur demeure toutefois la terrasse couverte de 65 m2, véritable pièce à vivre estivale. Sa charpente et ses poutres anciennes, d'une portée exceptionnelle, confèrent un caractère unique et authentique à l'ensemble. Cet espace conserve une agréable fraîcheur lors des journées les plus chaudes, faisant de lui le coeur de la maison. Le coin repas, directement relié à la cuisine, facilite les moments conviviaux en famille ou entre amis. Cet espace est prolongé par sa banquette en dur en arrondi offrant une perspective idyllique sur la piscine scintillante, le champ d'oliviers et les reliefs en arrière plan.<br> Piscine : 12 x 6 m, profondeur jusqu'à 1m80, au sel, entourée d'un espace paysager, parfait pour les longues journées ensoleillées.<br> Garage et espace de stationnement : Un garage fermé de 25 m2 permet de garer 2 voitures, avec un atelier attenant de 4 m2. La cour permet d'accueillir jusqu'à 10 véhicules supplémentaires.<br> Un domaine verdoyant : L'oliveraie offre une production annuelle généreuse. Le canal vous procure une source d'eau naturelle abondante pour l'entretien de vos espaces verts.<br> Conçue avec des matériaux nobles, dans un style provençal authentique, cette villa associe robustesse et élégance intemporelle. Chauffage performant (fioul et électrique) et aspirateur centralisé vous assurent confort au quotidien. Deux entrées distinctes sont prévues : la principale et celle pour le personnel.<br> LE RÊVE PROVENÇAL À PORTÉE DE MAIN<br> Que ce soit pour une résidence principale ou une maison de vacances, elle saura répondre aux attentes des plu<br>",Élégant mas provençal avec oliveraie,1970-01-01T00:00:00.000Z,2025-11-23T13:41:02.933Z,False,agency,False,hektor-paulbarns11_LOGO_paul-barns.la-boite-immo.com_images_logosadmin_logoadmin_temp_406824530.jpg,PBNS L'immobilier,311.0,12,6,4.0,,3,True,3.0,,,2023-04-27,127,34,3000.0,4130.0,C,False,,True,purchaser,962499.6,"[{'url_photo': 'https://paul-barns.staticlbi.com/original/images/biens/1/e83e8e3ecab5c567160d1a084fbff84a/photo_7e3b8cc17eb91817f6f4a3a2561c16ee.jpg', 'photo': 'hektor-paulbarns11-8_paul-barns.staticlbi.com_original_images_biens_1_e83e8e3ecab5c567160d1a084fbff84a_photo_7e3b8cc17eb91817f6f4a3a2561c16ee.jpg', 'url': 'https://file.bienici.com/photo/hektor-paulbarns11-8_paul-barns.staticlbi.com_original_images_biens_1_e83e8e3ecab5c567160d1a084fbff84a_photo_7e3b8cc17eb91817f6f4a3a2561c16ee.jpg'}, {'url_photo': 'https://paul-barns.staticlbi.com/original/images/biens/1/e83e8e3ecab5c567160d1a084fbff84a/photo_d32a29d49ca7da1303562e1a523e4b8a.jpg', 'photo': 'hektor-paulbarns11-8_paul-barns.staticlbi.com_original_images_biens_1_e83e8e3ecab5c567160d1a084fbff84a_photo_d32a29d49ca7da1303562e1a523e4b8a.jpg', 'url': 'https://file.bienici.com/photo/hektor-paulbarns11-8_paul-barns.staticlbi.com_original_images_biens_1_e83e8e3ecab5c567160d1a084fbff84a_photo_d32a29d49ca7da1303562e1a523e4b8a.jpg'}, {'url_photo': 'https://paul-barns.staticlbi.com/original/images/biens/1/e83e8e3ecab5c567160d1a084fbff84a/photo_39fb3bdea85ed611994ebe9674e7a2ff.jpg', 'photo': 'hektor-paulbarns11-8_paul-barns.staticlbi.com_original_images_biens_1_e83e8e3ecab5c567160d1a084fbff84a_photo_39fb3bdea85ed611994ebe9674e7a2ff.jpg', 'url': 'https://file.bienici.com/photo/hektor-paulbarns11-8_paul-barns.staticlbi.com_original_images_biens_1_e83e8e3ecab5c567160d1a084fbff84a_photo_39fb3bdea85ed611994ebe9674e7a2ff.jpg'}, {'url_photo': 'https://paul-barns.staticlbi.com/original/images/biens/1/e83e8e3ecab5c567160d1a084fbff84a/photo_c42bbcf4ca5b50a5c0ea80b160ccd04c.jpg', 'photo': 'hektor-paulbarns11-8_paul-barns.staticlbi.com_original_images_biens_1_e83e8e3ecab5c567160d1a084fbff84a_photo_c42bbcf4ca5b50a5c0ea80b160ccd04c.jpg', 'url': 'https://file.bienici.com/photo/hektor-paulbarns11-8_paul-barns.staticlbi.com_original_images_biens_1_e83e8e3ecab5c567160d1a084fbff84a_photo_c42bbcf4ca5b50a5c0ea80b160ccd04c.jpg'}, {'url_photo': 'https://paul-barns.staticlbi.com/original/images/biens/1/e83e8e3ecab5c567160d1a084fbff84a/photo_bfa318eaa635b5d3123c76a31e785cb8.jpg', 'photo': 'hektor-paulbarns11-8_paul-barns.staticlbi.com_original_images_biens_1_e83e8e3ecab5c567160d1a084fbff84a_photo_bfa318eaa635b5d3123c76a31e785cb8.jpg', 'url': 'https://file.bienici.com/photo/hektor-paulbarns11-8_paul-barns.staticlbi.com_original_images_biens_1_e83e8e3ecab5c567160d1a084fbff84a_photo_bfa318eaa635b5d3123c76a31e785cb8.jpg'}, {'url_photo': 'https://paul-barns.staticlbi.com/original/images/biens/1/e83e8e3ecab5c567160d1a084fbff84a/photo_8dce0facd5914f646750ce6a1c6e8a23.jpg', 'photo': 'hektor-paulbarns11-8_paul-barns.staticlbi.com_original_images_biens_1_e83e8e3ecab5c567160d1a084fbff84a_photo_8dce0facd5914f646750ce6a1c6e8a23.jpg', 'url': 'https://file.bienici.com/photo/hektor-paulbarns11-8_paul-barns.staticlbi.com_original_images_biens_1_e83e8e3ecab5c567160d1a084fbff84a_photo_8dce0facd5914f646750ce6a1c6e8a23.jpg'}, {'url_photo': 'https://paul-barns.staticlbi.com/original/images/biens/1/e83e8e3ecab5c567160d1a084fbff84a/photo_d07bd8bd35194a29fd80b55691ba0184.jpg', 'photo': 'hektor-paulbarns11-8_paul-barns.staticlbi.com_original_images_biens_1_e83e8e3ecab5c567160d1a084fbff84a_photo_d07bd8bd35194a29fd80b55691ba0184.jpg', 'url': 'https://file.bienici.com/photo/hektor-paulbarns11-8_paul-barns.staticlbi.com_original_images_biens_1_e83e8e3ecab5c567160d1a084fbff84a_photo_d07bd8bd35194a29fd80b55691ba0184.jpg'}, {'url_photo': 'https://paul-barns.staticlbi.com/original/images/biens/1/e83e8e3ecab5c567160d1a084fbff84a/photo_4717b85d7dd5a4ed41044aa79fa55799.jpg', 'photo': 'hektor-paulbarns11-8_paul-barns.staticlbi.com_original_images_biens_1_e83e8e3ecab5c567160d1a084fbff84a_photo_4717b85d7dd5a4ed41044aa79fa55799.jpg', 'url': 'https://file.bienici.com/photo/hektor-paulbarns11-8_paul-barns.staticlbi.com_original_images_biens_1_e83e8e3ecab5c567160d1a084fbff84a_photo_4717b85d7dd5a4ed41044aa79fa55799.jpg'}, {'url_photo': 'https://paul-barns.staticlbi.com/original/images/biens/1/e83e8e3ecab5c567160d1a084fbff84a/photo_c717b15e485667a087052a38ec6b3f6e.jpg', 'photo': 'hektor-paulbarns11-8_paul-barns.staticlbi.com_original_images_biens_1_e83e8e3ecab5c567160d1a084fbff84a_photo_c717b15e485667a087052a38ec6b3f6e.jpg', 'url': 'https://file.bienici.com/photo/hektor-paulbarns11-8_paul-barns.staticlbi.com_original_images_biens_1_e83e8e3ecab5c567160d1a084fbff84a_photo_c717b15e485667a087052a38ec6b3f6e.jpg'}, {'url_photo': 'https://paul-barns.staticlbi.com/original/images/biens/1/e83e8e3ecab5c567160d1a084fbff84a/photo_1a66c56c4db54278530fff2eca3e6dfd.jpg', 'photo': 'hektor-paulbarns11-8_paul-barns.staticlbi.com_original_images_biens_1_e83e8e3ecab5c567160d1a084fbff84a_photo_1a66c56c4db54278530fff2eca3e6dfd.jpg', 'url': 'https://file.bienici.com/photo/hektor-paulbarns11-8_paul-barns.staticlbi.com_original_images_biens_1_e83e8e3ecab5c567160d1a084fbff84a_photo_1a66c56c4db54278530fff2eca3e6dfd.jpg'}, {'url_photo': 'https://paul-barns.staticlbi.com/original/images/biens/1/e83e8e3ecab5c567160d1a084fbff84a/photo_fe819ac84ccc3594715d9d8f4e92e16f.jpg', 'photo': 'hektor-paulbarns11-8_paul-barns.staticlbi.com_original_images_biens_1_e83e8e3ecab5c567160d1a084fbff84a_photo_fe819ac84ccc3594715d9d8f4e92e16f.jpg', 'url': 'https://file.bienici.com/photo/hektor-paulbarns11-8_paul-barns.staticlbi.com_original_images_biens_1_e83e8e3ecab5c567160d1a084fbff84a_photo_fe819ac84ccc3594715d9d8f4e92e16f.jpg'}, {'url_photo': 'https://paul-barns.staticlbi.com/original/images/biens/1/e83e8e3ecab5c567160d1a084fbff84a/photo_70050b4615277e83972bd6e6a74ced20.jpg', 'photo': 'hektor-paulbarns11-8_paul-barns.staticlbi.com_original_images_biens_1_e83e8e3ecab5c567160d1a084fbff84a_photo_70050b4615277e83972bd6e6a74ced20.jpg', 'url': 'https://file.bienici.com/photo/hektor-paulbarns11-8_paul-barns.staticlbi.com_original_images_biens_1_e83e8e3ecab5c567160d1a084fbff84a_photo_70050b4615277e83972bd6e6a74ced20.jpg'}, {'url_photo': 'https://paul-barns.staticlbi.com/original/images/biens/1/e83e8e3ecab5c567160d1a084fbff84a/photo_669e194b1544d4eb52b2816266b2f17e.jpg', 'photo': 'hektor-paulbarns11-8_paul-barns.staticlbi.com_original_images_biens_1_e83e8e3ecab5c567160d1a084fbff84a_photo_669e194b1544d4eb52b2816266b2f17e.jpg', 'url': 'https://file.bienici.com/photo/hektor-paulbarns11-8_paul-barns.staticlbi.com_original_images_biens_1_e83e8e3ecab5c567160d1a084fbff84a_photo_669e194b1544d4eb52b2816266b2f17e.jpg'}, {'url_photo': 'https://paul-barns.staticlbi.com/original/images/biens/1/e83e8e3ecab5c567160d1a084fbff84a/photo_3c4816be466ff3f010538b2840af0e61.jpg', 'photo': 'hektor-paulbarns11-8_paul-barns.staticlbi.com_original_images_biens_1_e83e8e3ecab5c567160d1a084fbff84a_photo_3c4816be466ff3f010538b2840af0e61.jpg', 'url': 'https://file.bienici.com/photo/hektor-paulbarns11-8_paul-barns.staticlbi.com_original_images_biens_1_e83e8e3ecab5c567160d1a084fbff84a_photo_3c4816be466ff3f010538b2840af0e61.jpg'}, {'url_photo': 'https://paul-barns.staticlbi.com/original/images/biens/1/e83e8e3ecab5c567160d1a084fbff84a/photo_7aa08758bd9aadde688a42be869a9d40.jpg', 'photo': 'hektor-paulbarns11-8_paul-barns.staticlbi.com_original_images_biens_1_e83e8e3ecab5c567160d1a084fbff84a_photo_7aa08758bd9aadde688a42be869a9d40.jpg', 'url': 'https://file.bienici.com/photo/hektor-paulbarns11-8_paul-barns.staticlbi.com_original_images_biens_1_e83e8e3ecab5c567160d1a084fbff84a_photo_7aa08758bd9aadde688a42be869a9d40.jpg'}, {'url_photo': 'https://paul-barns.staticlbi.com/original/images/biens/1/e83e8e3ecab5c567160d1a084fbff84a/photo_f6cb2f715114329a528d755fc6a7cd2f.jpg', 'photo': 'hektor-paulbarns11-8_paul-barns.staticlbi.com_original_images_biens_1_e83e8e3ecab5c567160d1a084fbff84a_photo_f6cb2f715114329a528d755fc6a7cd2f.jpg', 'url': 'https://file.bienici.com/photo/hektor-paulbarns11-8_paul-barns.staticlbi.com_original_images_biens_1_e83e8e3ecab5c567160d1a084fbff84a_photo_f6cb2f715114329a528d755fc6a7cd2f.jpg'}]",997500,D,True,True,fuel,04,True,True,3094.8540192926043,04200,3803,False,buy,vente de prestige,False,0,deploye,False,False,pbns.immobilier,True,,[],exact,"[5.948683, 44.165189999999996, 5.948683, 44.16519000000001]",accounts,44.16519,5.948683,44.16519,5.948683,[],4209,2,Sisteron,Sisteron,04200,04209,4209,04209,04200,2,True,False,True,True,True,False,584fd128b442a40099b9b67a,['hektor-paulbarns11'],"['hektor-paulbarns11', 'contract-type-agency-performance-package', '584fd128b442a40099b9b67a']",False,False,False,False,False,False,True,False,False,False,,"[{'originalUrl': 'https://tour.previsite.com/A844C1BD-6CE0-8315-D235-AB12D181D281', 'url': 'https://tour.previsite.com/A844C1BD-6CE0-8315-D235-AB12D181D281?unbranded=true', 'type': 'photos 360, déplacements suivi', 'accepted': True, 'https': True, 'size': 'responsive', 'mobileSupport': True, 'id': 'hektor-paulbarns11-8_virtualTour_0'}]",,,True,,0.0,2021-01-01,,Sud,13000.0,10.0,False,https://paul-barns.la-boite-immo.com/i/redac/honoraires?honofor=1,,True,2025-09-25T00:00:00.000Z,,,,True,,True,False,True,1.0,3.64
